-- phpMyAdmin SQL Dump
-- version 5.2.1
-- https://www.phpmyadmin.net/
--
-- Host: 127.0.0.1
-- Generation Time: Jan 18, 2026 at 03:16 PM
-- Server version: 10.4.32-MariaDB
-- PHP Version: 8.2.12

SET SQL_MODE = "NO_AUTO_VALUE_ON_ZERO";
START TRANSACTION;
SET time_zone = "+00:00";


/*!40101 SET @OLD_CHARACTER_SET_CLIENT=@@CHARACTER_SET_CLIENT */;
/*!40101 SET @OLD_CHARACTER_SET_RESULTS=@@CHARACTER_SET_RESULTS */;
/*!40101 SET @OLD_COLLATION_CONNECTION=@@COLLATION_CONNECTION */;
/*!40101 SET NAMES utf8mb4 */;

--
-- Database: `academic_management`
--

-- --------------------------------------------------------

--
-- Table structure for table `academic_rule`
--

CREATE TABLE `academic_rule` (
  `rule_id` bigint(20) NOT NULL,
  `rule_type` varchar(50) NOT NULL,
  `threshold_value` decimal(5,2) NOT NULL,
  `description` varchar(255) DEFAULT NULL,
  `status_id` bigint(20) NOT NULL,
  `created_at` datetime NOT NULL DEFAULT current_timestamp()
) ENGINE=InnoDB DEFAULT CHARSET=utf8mb4 COLLATE=utf8mb4_unicode_ci;

--
-- Dumping data for table `academic_rule`
--

INSERT INTO `academic_rule` (`rule_id`, `rule_type`, `threshold_value`, `description`, `status_id`, `created_at`) VALUES
(1, 'MIN_GPA', 1.50, 'Điểm GPA tối thiểu để không bị cảnh cáo học vụ', 1, '2026-01-12 22:16:11'),
(2, 'MIN_ATTENDANCE', 80.00, 'Tỷ lệ điểm danh tối thiểu để được thi cuối kỳ', 1, '2026-01-12 22:16:11'),
(3, 'MAX_FAILED_COURSES', 3.00, 'Số môn học tối đa được phép học lại', 1, '2026-01-12 22:16:11'),
(4, 'GRADUATION_GPA', 2.00, 'Điểm GPA tối thiểu để tốt nghiệp', 1, '2026-01-12 22:16:11');

-- --------------------------------------------------------

--
-- Table structure for table `academic_status`
--

CREATE TABLE `academic_status` (
  `academic_status_id` bigint(20) NOT NULL,
  `student_id` bigint(20) NOT NULL,
  `status_code_id` bigint(20) NOT NULL,
  `updated_at` datetime DEFAULT NULL
) ENGINE=InnoDB DEFAULT CHARSET=utf8mb4 COLLATE=utf8mb4_unicode_ci;

--
-- Dumping data for table `academic_status`
--

INSERT INTO `academic_status` (`academic_status_id`, `student_id`, `status_code_id`, `updated_at`) VALUES
(1, 7, 1, '2026-01-12 22:16:11'),
(2, 8, 1, '2026-01-12 22:16:11'),
(3, 9, 1, '2026-01-12 22:16:11'),
(4, 10, 1, '2026-01-12 22:16:11'),
(5, 11, 1, '2026-01-12 22:16:11'),
(6, 12, 1, '2026-01-12 22:16:11'),
(7, 13, 1, '2026-01-12 22:16:11'),
(8, 14, 1, '2026-01-12 22:16:11'),
(9, 15, 1, '2026-01-12 22:16:11'),
(10, 16, 1, '2026-01-12 22:16:11'),
(11, 17, 1, '2026-01-12 22:16:11'),
(12, 18, 1, '2026-01-12 22:16:11'),
(13, 19, 1, '2026-01-12 22:16:11'),
(14, 20, 1, '2026-01-12 22:16:11'),
(15, 21, 1, '2026-01-12 22:16:11'),
(16, 22, 1, '2026-01-12 22:16:11'),
(17, 23, 1, '2026-01-12 22:16:11'),
(18, 24, 1, '2026-01-12 22:16:11'),
(19, 25, 2, '2026-01-12 22:16:11'),
(20, 26, 1, '2026-01-12 22:16:11'),
(21, 27, 1, '2026-01-12 22:16:11'),
(22, 28, 1, '2026-01-12 22:16:11'),
(23, 29, 1, '2026-01-12 22:16:11'),
(24, 30, 1, '2026-01-12 22:16:11'),
(25, 31, 1, '2026-01-12 22:16:11'),
(26, 32, 2, '2026-01-12 22:16:11'),
(27, 33, 1, '2026-01-12 22:16:11'),
(28, 34, 2, '2026-01-12 22:16:11'),
(29, 35, 1, '2026-01-12 22:16:11'),
(30, 36, 1, '2026-01-12 22:16:11'),
(31, 37, 1, '2026-01-12 22:16:11'),
(32, 38, 1, '2026-01-12 22:16:11'),
(33, 39, 1, '2026-01-12 22:16:11'),
(34, 40, 1, '2026-01-12 22:16:11'),
(35, 41, 1, '2026-01-12 22:16:11'),
(36, 42, 1, '2026-01-12 22:16:11'),
(37, 43, 2, '2026-01-12 22:16:11'),
(38, 44, 1, '2026-01-12 22:16:11'),
(39, 45, 1, '2026-01-12 22:16:11'),
(40, 46, 1, '2026-01-12 22:16:11'),
(41, 47, 1, '2026-01-12 22:16:11'),
(42, 48, 1, '2026-01-12 22:16:11'),
(43, 49, 1, '2026-01-12 22:16:11'),
(44, 50, 1, '2026-01-12 22:16:11'),
(45, 51, 1, '2026-01-12 22:16:11'),
(46, 52, 1, '2026-01-12 22:16:11'),
(47, 53, 1, '2026-01-12 22:16:11'),
(48, 54, 1, '2026-01-12 22:16:11'),
(49, 55, 1, '2026-01-12 22:16:11'),
(50, 56, 1, '2026-01-12 22:16:11');

-- --------------------------------------------------------

--
-- Table structure for table `academic_status_history`
--

CREATE TABLE `academic_status_history` (
  `status_history_id` bigint(20) NOT NULL,
  `student_id` bigint(20) NOT NULL,
  `old_status_id` bigint(20) DEFAULT NULL,
  `new_status_id` bigint(20) DEFAULT NULL,
  `changed_at` datetime NOT NULL,
  `reason` varchar(255) DEFAULT NULL
) ENGINE=InnoDB DEFAULT CHARSET=utf8mb4 COLLATE=utf8mb4_unicode_ci;

-- --------------------------------------------------------

--
-- Table structure for table `academic_status_type`
--

CREATE TABLE `academic_status_type` (
  `status_id` bigint(20) NOT NULL,
  `code` varchar(50) NOT NULL,
  `name` varchar(100) NOT NULL
) ENGINE=InnoDB DEFAULT CHARSET=utf8mb4 COLLATE=utf8mb4_unicode_ci;

--
-- Dumping data for table `academic_status_type`
--

INSERT INTO `academic_status_type` (`status_id`, `code`, `name`) VALUES
(1, 'GOOD', 'Tốt'),
(2, 'WARNING', 'Cảnh cáo'),
(3, 'PROBATION', 'Học thử'),
(4, 'SUSPENDED', 'Đình chỉ'),
(5, 'DISMISSED', 'Buộc thôi học');

-- --------------------------------------------------------

--
-- Table structure for table `academic_year`
--

CREATE TABLE `academic_year` (
  `academic_year_id` bigint(20) NOT NULL,
  `year_code` varchar(50) NOT NULL,
  `start_date` date NOT NULL,
  `end_date` date NOT NULL,
  `status_id` bigint(20) NOT NULL,
  `created_at` datetime NOT NULL DEFAULT current_timestamp()
) ENGINE=InnoDB DEFAULT CHARSET=utf8mb4 COLLATE=utf8mb4_unicode_ci;

--
-- Dumping data for table `academic_year`
--

INSERT INTO `academic_year` (`academic_year_id`, `year_code`, `start_date`, `end_date`, `status_id`, `created_at`) VALUES
(1, '2022-2023', '2022-09-01', '2023-08-31', 2, '2022-06-01 00:00:00'),
(2, '2023-2024', '2023-09-01', '2024-08-31', 1, '2023-06-01 00:00:00'),
(3, '2024-2025', '2024-09-01', '2025-08-31', 1, '2024-06-01 00:00:00');

-- --------------------------------------------------------

--
-- Table structure for table `academic_year_status`
--

CREATE TABLE `academic_year_status` (
  `status_id` bigint(20) NOT NULL,
  `code` varchar(50) NOT NULL,
  `name` varchar(100) NOT NULL
) ENGINE=InnoDB DEFAULT CHARSET=utf8mb4 COLLATE=utf8mb4_unicode_ci;

--
-- Dumping data for table `academic_year_status`
--

INSERT INTO `academic_year_status` (`status_id`, `code`, `name`) VALUES
(1, 'ACTIVE', 'Đang diễn ra'),
(2, 'COMPLETED', 'Đã kết thúc');

-- --------------------------------------------------------

--
-- Table structure for table `attendance`
--

CREATE TABLE `attendance` (
  `attendance_id` bigint(20) NOT NULL,
  `enrollment_id` bigint(20) NOT NULL,
  `class_meeting_id` bigint(20) NOT NULL,
  `attendance_status_id` bigint(20) NOT NULL,
  `marked_at` datetime DEFAULT NULL
) ENGINE=InnoDB DEFAULT CHARSET=utf8mb4 COLLATE=utf8mb4_unicode_ci;

--
-- Dumping data for table `attendance`
--

INSERT INTO `attendance` (`attendance_id`, `enrollment_id`, `class_meeting_id`, `attendance_status_id`, `marked_at`) VALUES
(1, 35, 4, 1, '2024-05-08 00:59:00'),
(2, 90, 16, 1, '2024-04-02 00:24:00'),
(3, 4, 73, 1, '2024-01-21 00:33:00'),
(4, 176, 42, 1, '2024-02-17 00:13:00'),
(5, 62, 68, 1, '2024-03-24 00:35:00'),
(6, 64, 103, 1, '2024-06-01 00:53:00'),
(7, 97, 122, 1, '2024-06-16 00:43:00'),
(8, 184, 13, 1, '2024-06-17 00:49:00'),
(9, 91, 95, 1, '2024-01-05 00:20:00'),
(10, 98, 9, 1, '2024-04-23 00:42:00'),
(11, 197, 62, 3, '2024-06-19 00:39:00'),
(12, 86, 18, 1, '2024-02-28 00:40:00'),
(13, 157, 122, 1, '2024-06-16 00:54:00'),
(14, 105, 17, 1, '2024-01-06 00:46:00'),
(15, 114, 71, 1, '2024-01-29 00:52:00'),
(16, 99, 100, 1, '2024-06-05 00:47:00'),
(17, 100, 109, 2, '2024-04-05 00:55:00'),
(18, 132, 14, 1, '2024-05-07 00:32:00'),
(19, 83, 97, 1, '2024-02-16 00:38:00'),
(20, 62, 98, 2, '2024-05-04 00:31:00'),
(21, 72, 74, 1, '2024-04-07 00:22:00'),
(22, 132, 74, 1, '2024-04-07 00:45:00'),
(23, 17, 62, 2, '2024-06-19 00:39:00'),
(24, 60, 49, 1, '2024-05-28 00:32:00'),
(25, 181, 3, 1, '2024-02-11 00:44:00'),
(26, 72, 104, 1, '2024-01-30 00:44:00'),
(27, 194, 71, 1, '2024-01-29 00:20:00'),
(28, 30, 136, 1, '2024-06-06 00:00:00'),
(29, 106, 138, 1, '2024-04-22 00:14:00'),
(30, 53, 15, 4, '2024-06-24 00:23:00'),
(31, 96, 102, 1, '2024-02-15 00:54:00'),
(32, 153, 15, 1, '2024-06-24 00:36:00'),
(33, 31, 95, 1, '2024-01-05 00:01:00'),
(34, 21, 123, 2, '2024-01-17 00:52:00'),
(35, 46, 48, 1, '2024-03-25 00:40:00'),
(36, 167, 80, 1, '2024-03-20 00:59:00'),
(37, 90, 106, 1, '2024-01-24 00:15:00'),
(38, 131, 5, 1, '2024-05-24 00:13:00'),
(39, 156, 132, 1, '2024-04-16 00:05:00'),
(40, 161, 33, 1, '2024-05-23 00:47:00'),
(41, 59, 130, 2, '2024-05-18 00:34:00'),
(42, 133, 15, 1, '2024-06-24 00:26:00'),
(43, 57, 122, 1, '2024-06-16 00:06:00'),
(44, 67, 110, 1, '2024-06-10 00:33:00'),
(45, 115, 124, 2, '2024-06-24 00:17:00'),
(46, 32, 14, 2, '2024-05-07 00:45:00'),
(47, 139, 40, 1, '2024-05-22 00:31:00'),
(48, 60, 19, 1, '2024-01-24 00:01:00'),
(49, 64, 13, 1, '2024-06-17 00:58:00'),
(50, 83, 67, 2, '2024-05-12 00:35:00'),
(51, 158, 9, 2, '2024-04-23 00:25:00'),
(52, 154, 41, 1, '2024-03-27 00:25:00'),
(53, 56, 12, 1, '2024-02-15 00:57:00'),
(54, 79, 130, 1, '2024-05-18 00:18:00'),
(55, 158, 129, 1, '2024-02-21 00:10:00'),
(56, 37, 32, 1, '2024-02-15 00:54:00'),
(57, 128, 1, 1, '2024-05-07 00:19:00'),
(58, 130, 76, 1, '2024-05-28 00:26:00'),
(59, 76, 42, 1, '2024-02-17 00:07:00'),
(60, 187, 80, 1, '2024-03-20 00:52:00'),
(61, 200, 79, 2, '2024-03-15 00:47:00'),
(62, 73, 45, 1, '2024-05-10 00:49:00'),
(63, 21, 3, 1, '2024-02-11 00:24:00'),
(64, 102, 68, 1, '2024-03-24 00:41:00'),
(65, 12, 14, 1, '2024-05-07 00:44:00'),
(66, 45, 47, 1, '2024-03-24 00:38:00'),
(67, 168, 31, 3, '2024-06-24 00:13:00'),
(68, 23, 67, 1, '2024-05-12 00:58:00'),
(69, 53, 45, 1, '2024-05-10 00:50:00'),
(70, 95, 94, 1, '2024-03-12 00:35:00'),
(71, 54, 71, 1, '2024-01-29 00:11:00'),
(72, 97, 62, 1, '2024-06-19 00:24:00'),
(73, 46, 78, 1, '2024-06-08 00:35:00'),
(74, 173, 15, 1, '2024-06-24 00:23:00'),
(75, 156, 102, 1, '2024-02-15 00:20:00'),
(76, 82, 128, 1, '2024-06-24 00:09:00'),
(77, 118, 99, 1, '2024-03-23 00:56:00'),
(78, 87, 110, 1, '2024-06-10 00:27:00'),
(79, 122, 128, 1, '2024-06-24 00:18:00'),
(80, 68, 121, 1, '2024-02-07 00:16:00'),
(81, 100, 139, 1, '2024-04-07 00:33:00'),
(82, 77, 32, 2, '2024-02-15 00:04:00'),
(83, 81, 63, 1, '2024-05-18 00:37:00'),
(84, 191, 35, 1, '2024-05-10 00:21:00'),
(85, 193, 45, 1, '2024-05-10 00:00:00'),
(86, 92, 104, 1, '2024-01-30 00:42:00'),
(87, 137, 92, 1, '2024-03-07 00:46:00'),
(88, 161, 63, 1, '2024-05-18 00:21:00'),
(89, 57, 92, 3, '2024-03-07 00:49:00'),
(90, 185, 137, 1, '2024-03-31 00:24:00'),
(91, 168, 1, 1, '2024-05-07 00:32:00'),
(92, 109, 6, 1, '2024-06-10 00:28:00'),
(93, 155, 124, 1, '2024-06-24 00:54:00'),
(94, 119, 10, 1, '2024-01-27 00:47:00'),
(95, 66, 78, 1, '2024-06-08 00:45:00'),
(96, 181, 63, 1, '2024-05-18 00:11:00'),
(97, 36, 12, 1, '2024-02-15 00:48:00'),
(98, 130, 136, 1, '2024-06-06 00:59:00'),
(99, 49, 126, 2, '2024-03-07 00:38:00'),
(100, 76, 132, 1, '2024-04-16 00:32:00'),
(101, 133, 45, 1, '2024-05-10 00:30:00'),
(102, 135, 34, 1, '2024-01-20 00:17:00'),
(103, 174, 11, 1, '2024-05-07 00:38:00'),
(104, 137, 2, 1, '2024-05-23 00:07:00'),
(105, 53, 75, 3, '2024-02-21 00:38:00'),
(106, 4, 133, 2, '2024-02-19 00:23:00'),
(107, 160, 79, 1, '2024-03-15 00:43:00'),
(108, 192, 134, 2, '2024-06-07 00:11:00'),
(109, 188, 61, 1, '2024-04-01 00:03:00'),
(110, 120, 19, 1, '2024-01-24 00:00:00'),
(111, 194, 131, 1, '2024-06-04 00:21:00'),
(112, 27, 110, 3, '2024-06-10 00:51:00'),
(113, 119, 70, 1, '2024-02-11 00:24:00'),
(114, 70, 16, 1, '2024-04-02 00:50:00'),
(115, 127, 140, 1, '2024-02-14 00:05:00'),
(116, 66, 108, 1, '2024-04-22 00:06:00'),
(117, 11, 5, 2, '2024-05-24 00:32:00'),
(118, 30, 106, 1, '2024-01-24 00:25:00'),
(119, 157, 2, 1, '2024-05-23 00:01:00'),
(120, 200, 49, 2, '2024-05-28 00:11:00'),
(121, 30, 16, 1, '2024-04-02 00:55:00'),
(122, 175, 124, 2, '2024-06-24 00:59:00'),
(123, 33, 135, 1, '2024-03-02 00:32:00'),
(124, 61, 63, 1, '2024-05-18 00:05:00'),
(125, 51, 5, 3, '2024-05-24 00:58:00'),
(126, 114, 11, 1, '2024-05-07 00:13:00'),
(127, 98, 39, 1, '2024-05-15 00:08:00'),
(128, 24, 133, 1, '2024-02-19 00:44:00'),
(129, 154, 101, 2, '2024-01-10 00:21:00'),
(130, 47, 80, 1, '2024-03-20 00:50:00'),
(131, 47, 50, 1, '2024-02-17 00:06:00'),
(132, 169, 6, 1, '2024-06-10 00:11:00'),
(133, 82, 38, 1, '2024-01-28 00:25:00'),
(134, 109, 36, 1, '2024-04-08 00:32:00'),
(135, 10, 76, 1, '2024-05-28 00:26:00'),
(136, 154, 131, 1, '2024-06-04 00:13:00'),
(137, 17, 92, 1, '2024-03-07 00:04:00'),
(138, 103, 67, 2, '2024-05-12 00:02:00'),
(139, 9, 36, 1, '2024-04-08 00:31:00'),
(140, 154, 11, 1, '2024-05-07 00:02:00'),
(141, 173, 105, 1, '2024-05-02 00:18:00'),
(142, 101, 93, 1, '2024-04-17 00:30:00'),
(143, 104, 43, 1, '2024-02-01 00:12:00'),
(144, 146, 138, 2, '2024-04-22 00:08:00'),
(145, 186, 78, 1, '2024-06-08 00:25:00'),
(146, 56, 42, 1, '2024-02-17 00:20:00'),
(147, 55, 64, 1, '2024-02-07 00:02:00'),
(148, 14, 131, 1, '2024-06-04 00:16:00'),
(149, 100, 79, 2, '2024-03-15 00:13:00'),
(150, 23, 7, 2, '2024-06-14 00:27:00'),
(151, 77, 92, 1, '2024-03-07 00:41:00'),
(152, 174, 131, 1, '2024-06-04 00:10:00'),
(153, 87, 20, 1, '2024-05-27 00:17:00'),
(154, 188, 1, 1, '2024-05-07 00:28:00'),
(155, 152, 74, 1, '2024-04-07 00:55:00'),
(156, 151, 5, 1, '2024-05-24 00:28:00'),
(157, 21, 63, 1, '2024-05-18 00:14:00'),
(158, 86, 108, 1, '2024-04-22 00:01:00'),
(159, 143, 127, 3, '2024-01-07 00:42:00'),
(160, 95, 34, 1, '2024-01-20 00:43:00'),
(161, 172, 44, 1, '2024-05-07 00:45:00'),
(162, 101, 3, 1, '2024-02-11 00:08:00'),
(163, 74, 101, 1, '2024-01-10 00:53:00'),
(164, 114, 41, 1, '2024-03-27 00:15:00'),
(165, 63, 37, 1, '2024-02-17 00:46:00'),
(166, 91, 5, 1, '2024-05-24 00:39:00'),
(167, 186, 138, 3, '2024-04-22 00:32:00'),
(168, 171, 95, 1, '2024-01-05 00:19:00'),
(169, 10, 16, 1, '2024-04-02 00:38:00'),
(170, 59, 40, 1, '2024-05-22 00:44:00'),
(171, 182, 8, 1, '2024-03-29 00:30:00'),
(172, 36, 102, 1, '2024-02-15 00:32:00'),
(173, 122, 98, 1, '2024-05-04 00:20:00'),
(174, 188, 31, 1, '2024-06-24 00:52:00'),
(175, 147, 140, 1, '2024-02-14 00:13:00'),
(176, 109, 66, 1, '2024-01-30 00:06:00'),
(177, 15, 64, 1, '2024-02-07 00:52:00'),
(178, 169, 96, 1, '2024-03-05 00:25:00'),
(179, 151, 65, 1, '2024-03-10 00:20:00'),
(180, 81, 93, 1, '2024-04-17 00:29:00'),
(181, 124, 13, 1, '2024-06-17 00:33:00'),
(182, 122, 38, 1, '2024-01-28 00:25:00'),
(183, 43, 37, 1, '2024-02-17 00:50:00'),
(184, 34, 11, 1, '2024-05-07 00:00:00'),
(185, 8, 61, 2, '2024-04-01 00:05:00'),
(186, 91, 125, 1, '2024-04-30 00:42:00'),
(187, 106, 78, 1, '2024-06-08 00:30:00'),
(188, 14, 11, 1, '2024-05-07 00:12:00'),
(189, 68, 31, 1, '2024-06-24 00:14:00'),
(190, 120, 49, 2, '2024-05-28 00:10:00'),
(191, 118, 39, 3, '2024-05-15 00:16:00'),
(192, 38, 9, 1, '2024-04-23 00:03:00'),
(193, 180, 49, 1, '2024-05-28 00:13:00'),
(194, 9, 66, 1, '2024-01-30 00:51:00'),
(195, 16, 42, 1, '2024-02-17 00:51:00'),
(196, 111, 35, 1, '2024-05-10 00:40:00'),
(197, 142, 68, 1, '2024-03-24 00:37:00'),
(198, 80, 79, 1, '2024-03-15 00:36:00'),
(199, 107, 50, 1, '2024-02-17 00:00:00'),
(200, 152, 44, 3, '2024-05-07 00:01:00'),
(201, 12, 134, 1, '2024-06-07 00:06:00'),
(202, 4, 43, 1, '2024-02-01 00:46:00'),
(203, 97, 2, 2, '2024-05-23 00:51:00'),
(204, 161, 123, 1, '2024-01-17 00:45:00'),
(205, 42, 38, 1, '2024-01-28 00:25:00'),
(206, 177, 122, 1, '2024-06-16 00:17:00'),
(207, 152, 104, 1, '2024-01-30 00:41:00'),
(208, 197, 2, 1, '2024-05-23 00:04:00'),
(209, 105, 107, 1, '2024-02-17 00:32:00'),
(210, 34, 71, 1, '2024-01-29 00:26:00'),
(211, 177, 62, 1, '2024-06-19 00:32:00'),
(212, 59, 70, 1, '2024-02-11 00:17:00'),
(213, 181, 33, 1, '2024-05-23 00:58:00'),
(214, 199, 100, 2, '2024-06-05 00:48:00'),
(215, 29, 36, 1, '2024-04-08 00:41:00'),
(216, 27, 20, 1, '2024-05-27 00:55:00'),
(217, 130, 106, 1, '2024-01-24 00:06:00'),
(218, 192, 44, 1, '2024-05-07 00:22:00'),
(219, 165, 137, 2, '2024-03-31 00:11:00'),
(220, 141, 3, 1, '2024-02-11 00:59:00'),
(221, 4, 13, 1, '2024-06-17 00:50:00'),
(222, 73, 135, 1, '2024-03-02 00:54:00'),
(223, 110, 16, 2, '2024-04-02 00:40:00'),
(224, 3, 97, 1, '2024-02-16 00:11:00'),
(225, 47, 20, 1, '2024-05-27 00:01:00'),
(226, 45, 107, 1, '2024-02-17 00:43:00'),
(227, 178, 129, 1, '2024-02-21 00:35:00'),
(228, 182, 68, 1, '2024-03-24 00:31:00'),
(229, 24, 43, 2, '2024-02-01 00:36:00'),
(230, 20, 49, 2, '2024-05-28 00:07:00'),
(231, 7, 50, 1, '2024-02-17 00:57:00'),
(232, 119, 100, 4, '2024-06-05 00:05:00'),
(233, 69, 126, 1, '2024-03-07 00:06:00'),
(234, 94, 11, 1, '2024-05-07 00:47:00'),
(235, 29, 6, 1, '2024-06-10 00:22:00'),
(236, 137, 122, 2, '2024-06-16 00:57:00'),
(237, 69, 66, 1, '2024-01-30 00:51:00'),
(238, 127, 20, 1, '2024-05-27 00:29:00'),
(239, 49, 36, 1, '2024-04-08 00:02:00'),
(240, 26, 78, 1, '2024-06-08 00:37:00'),
(241, 113, 105, 3, '2024-05-02 00:53:00'),
(242, 19, 40, 1, '2024-05-22 00:22:00'),
(243, 168, 61, 1, '2024-04-01 00:25:00'),
(244, 129, 126, 1, '2024-03-07 00:47:00'),
(245, 138, 69, 2, '2024-02-11 00:30:00'),
(246, 155, 64, 1, '2024-02-07 00:57:00'),
(247, 171, 35, 1, '2024-05-10 00:01:00'),
(248, 195, 94, 1, '2024-03-12 00:21:00'),
(249, 87, 80, 1, '2024-03-20 00:47:00'),
(250, 190, 106, 1, '2024-01-24 00:51:00'),
(251, 91, 35, 1, '2024-05-10 00:19:00'),
(252, 167, 140, 1, '2024-02-14 00:40:00'),
(253, 183, 67, 1, '2024-05-12 00:35:00'),
(254, 134, 41, 1, '2024-03-27 00:02:00'),
(255, 140, 139, 1, '2024-04-07 00:45:00'),
(256, 140, 79, 1, '2024-03-15 00:43:00'),
(257, 157, 32, 1, '2024-02-15 00:42:00'),
(258, 13, 135, 1, '2024-03-02 00:21:00'),
(259, 42, 128, 1, '2024-06-24 00:35:00'),
(260, 32, 74, 1, '2024-04-07 00:45:00'),
(261, 86, 48, 1, '2024-03-25 00:17:00'),
(262, 113, 135, 2, '2024-03-02 00:06:00'),
(263, 149, 6, 1, '2024-06-10 00:20:00'),
(264, 145, 47, 1, '2024-03-24 00:17:00'),
(265, 156, 42, 1, '2024-02-17 00:14:00'),
(266, 98, 99, 1, '2024-03-23 00:55:00'),
(267, 153, 135, 1, '2024-03-02 00:42:00'),
(268, 101, 123, 1, '2024-01-17 00:59:00'),
(269, 115, 34, 1, '2024-01-20 00:57:00'),
(270, 64, 43, 1, '2024-02-01 00:44:00'),
(271, 5, 17, 1, '2024-01-06 00:18:00'),
(272, 15, 94, 2, '2024-03-12 00:30:00'),
(273, 61, 123, 2, '2024-01-17 00:06:00'),
(274, 138, 99, 1, '2024-03-23 00:33:00'),
(275, 93, 45, 2, '2024-05-10 00:56:00'),
(276, 163, 97, 1, '2024-02-16 00:17:00'),
(277, 146, 78, 1, '2024-06-08 00:19:00'),
(278, 166, 18, 1, '2024-02-28 00:08:00'),
(279, 189, 126, 1, '2024-03-07 00:27:00'),
(280, 54, 41, 1, '2024-03-27 00:50:00'),
(281, 16, 72, 1, '2024-01-21 00:24:00'),
(282, 14, 71, 1, '2024-01-29 00:08:00'),
(283, 33, 105, 1, '2024-05-02 00:46:00'),
(284, 136, 72, 1, '2024-01-21 00:51:00'),
(285, 99, 70, 2, '2024-02-11 00:47:00'),
(286, 143, 37, 1, '2024-02-17 00:05:00'),
(287, 18, 99, 1, '2024-03-23 00:09:00'),
(288, 107, 80, 1, '2024-03-20 00:41:00'),
(289, 120, 79, 2, '2024-03-15 00:22:00'),
(290, 187, 20, 2, '2024-05-27 00:23:00'),
(291, 108, 61, 1, '2024-04-01 00:44:00'),
(292, 144, 73, 1, '2024-01-21 00:30:00'),
(293, 98, 129, 1, '2024-02-21 00:03:00'),
(294, 16, 102, 2, '2024-02-15 00:20:00'),
(295, 77, 2, 1, '2024-05-23 00:22:00'),
(296, 184, 43, 1, '2024-02-01 00:40:00'),
(297, 103, 127, 1, '2024-01-07 00:12:00'),
(298, 163, 67, 1, '2024-05-12 00:49:00'),
(299, 55, 94, 1, '2024-03-12 00:13:00'),
(300, 198, 9, 1, '2024-04-23 00:17:00'),
(301, 70, 106, 1, '2024-01-24 00:50:00'),
(302, 56, 102, 2, '2024-02-15 00:55:00'),
(303, 54, 101, 1, '2024-01-10 00:01:00'),
(304, 147, 110, 1, '2024-06-10 00:14:00'),
(305, 170, 46, 4, '2024-05-03 00:16:00'),
(306, 42, 8, 1, '2024-03-29 00:36:00'),
(307, 30, 46, 1, '2024-05-03 00:44:00'),
(308, 67, 20, 1, '2024-05-27 00:03:00'),
(309, 73, 75, 1, '2024-02-21 00:35:00'),
(310, 49, 66, 1, '2024-01-30 00:40:00'),
(311, 174, 41, 1, '2024-03-27 00:03:00'),
(312, 122, 8, 1, '2024-03-29 00:20:00'),
(313, 161, 3, 1, '2024-02-11 00:37:00'),
(314, 67, 140, 3, '2024-02-14 00:19:00'),
(315, 26, 48, 1, '2024-03-25 00:13:00'),
(316, 21, 33, 1, '2024-05-23 00:43:00'),
(317, 39, 100, 2, '2024-06-05 00:37:00'),
(318, 79, 100, 1, '2024-06-05 00:04:00'),
(319, 72, 14, 2, '2024-05-07 00:28:00'),
(320, 26, 108, 1, '2024-04-22 00:39:00'),
(321, 184, 133, 1, '2024-02-19 00:31:00'),
(322, 191, 65, 1, '2024-03-10 00:19:00'),
(323, 43, 7, 1, '2024-06-14 00:33:00'),
(324, 94, 71, 1, '2024-01-29 00:51:00'),
(325, 5, 77, 1, '2024-03-17 00:51:00'),
(326, 121, 93, 1, '2024-04-17 00:49:00'),
(327, 2, 8, 1, '2024-03-29 00:51:00'),
(328, 195, 124, 1, '2024-06-24 00:44:00'),
(329, 112, 74, 2, '2024-04-07 00:33:00'),
(330, 155, 34, 2, '2024-01-20 00:15:00'),
(331, 106, 48, 1, '2024-03-25 00:36:00'),
(332, 102, 98, 1, '2024-05-04 00:42:00'),
(333, 144, 13, 1, '2024-06-17 00:03:00'),
(334, 84, 103, 1, '2024-06-01 00:11:00'),
(335, 170, 106, 1, '2024-01-24 00:20:00'),
(336, 26, 138, 1, '2024-04-22 00:49:00'),
(337, 194, 41, 1, '2024-03-27 00:14:00'),
(338, 38, 69, 1, '2024-02-11 00:48:00'),
(339, 84, 13, 2, '2024-06-17 00:14:00'),
(340, 131, 35, 1, '2024-05-10 00:09:00'),
(341, 151, 35, 4, '2024-05-10 00:50:00'),
(342, 151, 125, 1, '2024-04-30 00:01:00'),
(343, 121, 3, 1, '2024-02-11 00:30:00'),
(344, 39, 40, 1, '2024-05-22 00:53:00'),
(345, 99, 130, 1, '2024-05-18 00:01:00'),
(346, 173, 45, 1, '2024-05-10 00:42:00'),
(347, 28, 31, 2, '2024-06-24 00:14:00'),
(348, 177, 2, 1, '2024-05-23 00:24:00'),
(349, 93, 105, 3, '2024-05-02 00:38:00'),
(350, 3, 7, 1, '2024-06-14 00:55:00'),
(351, 5, 137, 3, '2024-03-31 00:45:00'),
(352, 156, 12, 1, '2024-02-15 00:44:00'),
(353, 197, 122, 2, '2024-06-16 00:32:00'),
(354, 102, 128, 1, '2024-06-24 00:50:00'),
(355, 85, 77, 1, '2024-03-17 00:28:00'),
(356, 85, 17, 1, '2024-01-06 00:44:00'),
(357, 80, 49, 1, '2024-05-28 00:37:00'),
(358, 58, 99, 1, '2024-03-23 00:08:00'),
(359, 59, 100, 2, '2024-06-05 00:37:00'),
(360, 3, 67, 1, '2024-05-12 00:33:00'),
(361, 170, 76, 4, '2024-05-28 00:32:00'),
(362, 41, 123, 1, '2024-01-17 00:49:00'),
(363, 127, 110, 1, '2024-06-10 00:45:00'),
(364, 69, 96, 1, '2024-03-05 00:42:00'),
(365, 8, 31, 1, '2024-06-24 00:38:00'),
(366, 164, 133, 1, '2024-02-19 00:30:00'),
(367, 160, 139, 1, '2024-04-07 00:36:00'),
(368, 137, 32, 1, '2024-02-15 00:03:00'),
(369, 22, 128, 1, '2024-06-24 00:12:00'),
(370, 75, 94, 1, '2024-03-12 00:21:00'),
(371, 116, 72, 1, '2024-01-21 00:15:00'),
(372, 68, 1, 1, '2024-05-07 00:16:00'),
(373, 76, 72, 1, '2024-01-21 00:07:00'),
(374, 106, 108, 1, '2024-04-22 00:34:00'),
(375, 11, 95, 1, '2024-01-05 00:34:00'),
(376, 116, 132, 1, '2024-04-16 00:05:00'),
(377, 41, 63, 1, '2024-05-18 00:35:00'),
(378, 144, 43, 1, '2024-02-01 00:35:00'),
(379, 196, 102, 1, '2024-02-15 00:26:00'),
(380, 1, 3, 1, '2024-02-11 00:58:00'),
(381, 45, 77, 1, '2024-03-17 00:36:00'),
(382, 28, 1, 1, '2024-05-07 00:39:00'),
(383, 165, 47, 1, '2024-03-24 00:18:00'),
(384, 41, 33, 1, '2024-05-23 00:14:00'),
(385, 14, 101, 1, '2024-01-10 00:15:00'),
(386, 60, 109, 1, '2024-04-05 00:26:00'),
(387, 174, 71, 2, '2024-01-29 00:48:00'),
(388, 178, 99, 1, '2024-03-23 00:27:00'),
(389, 139, 130, 1, '2024-05-18 00:15:00'),
(390, 172, 134, 1, '2024-06-07 00:32:00'),
(391, 54, 131, 1, '2024-06-04 00:59:00'),
(392, 190, 46, 1, '2024-05-03 00:58:00'),
(393, 42, 98, 1, '2024-05-04 00:03:00'),
(394, 26, 18, 1, '2024-02-28 00:14:00'),
(395, 65, 77, 1, '2024-03-17 00:32:00'),
(396, 178, 9, 1, '2024-04-23 00:11:00'),
(397, 10, 136, 1, '2024-06-06 00:26:00'),
(398, 9, 6, 1, '2024-06-10 00:07:00'),
(399, 145, 137, 1, '2024-03-31 00:22:00'),
(400, 89, 6, 2, '2024-06-10 00:08:00'),
(401, 162, 128, 2, '2024-06-24 00:03:00'),
(402, 1, 63, 3, '2024-05-18 00:49:00'),
(403, 65, 107, 2, '2024-02-17 00:15:00'),
(404, 134, 11, 1, '2024-05-07 00:29:00'),
(405, 75, 64, 2, '2024-02-07 00:28:00'),
(406, 105, 47, 1, '2024-03-24 00:43:00'),
(407, 47, 110, 1, '2024-06-10 00:58:00'),
(408, 141, 123, 2, '2024-01-17 00:10:00'),
(409, 150, 76, 1, '2024-05-28 00:54:00'),
(410, 25, 47, 1, '2024-03-24 00:20:00'),
(411, 2, 38, 1, '2024-01-28 00:37:00'),
(412, 156, 72, 1, '2024-01-21 00:56:00'),
(413, 38, 39, 1, '2024-05-15 00:22:00'),
(414, 10, 106, 2, '2024-01-24 00:36:00'),
(415, 173, 135, 2, '2024-03-02 00:42:00'),
(416, 153, 75, 1, '2024-02-21 00:01:00'),
(417, 1, 93, 1, '2024-04-17 00:34:00'),
(418, 129, 96, 1, '2024-03-05 00:40:00'),
(419, 37, 62, 1, '2024-06-19 00:38:00'),
(420, 17, 32, 1, '2024-02-15 00:55:00'),
(421, 111, 95, 1, '2024-01-05 00:42:00'),
(422, 153, 105, 1, '2024-05-02 00:45:00'),
(423, 126, 48, 1, '2024-03-25 00:27:00'),
(424, 88, 121, 1, '2024-02-07 00:01:00'),
(425, 76, 12, 1, '2024-02-15 00:30:00'),
(426, 24, 73, 1, '2024-01-21 00:20:00'),
(427, 111, 125, 1, '2024-04-30 00:43:00'),
(428, 84, 73, 1, '2024-01-21 00:07:00'),
(429, 68, 61, 1, '2024-04-01 00:40:00'),
(430, 116, 12, 2, '2024-02-15 00:03:00'),
(431, 102, 38, 2, '2024-01-28 00:10:00'),
(432, 117, 32, 1, '2024-02-15 00:09:00'),
(433, 196, 132, 1, '2024-04-16 00:31:00'),
(434, 31, 65, 1, '2024-03-10 00:01:00'),
(435, 53, 135, 1, '2024-03-02 00:13:00'),
(436, 128, 121, 1, '2024-02-07 00:10:00'),
(437, 45, 137, 1, '2024-03-31 00:40:00'),
(438, 86, 138, 1, '2024-04-22 00:36:00'),
(439, 180, 139, 1, '2024-04-07 00:51:00'),
(440, 92, 44, 2, '2024-05-07 00:33:00'),
(441, 19, 70, 1, '2024-02-11 00:28:00'),
(442, 35, 64, 1, '2024-02-07 00:17:00'),
(443, 41, 3, 1, '2024-02-11 00:54:00'),
(444, 192, 14, 3, '2024-05-07 00:08:00'),
(445, 58, 39, 1, '2024-05-15 00:46:00'),
(446, 132, 44, 1, '2024-05-07 00:53:00'),
(447, 169, 36, 1, '2024-04-08 00:36:00'),
(448, 170, 16, 1, '2024-04-02 00:40:00'),
(449, 94, 131, 1, '2024-06-04 00:30:00'),
(450, 43, 97, 1, '2024-02-16 00:48:00'),
(451, 40, 109, 1, '2024-04-05 00:11:00'),
(452, 29, 126, 2, '2024-03-07 00:09:00'),
(453, 164, 13, 1, '2024-06-17 00:06:00'),
(454, 108, 1, 1, '2024-05-07 00:35:00'),
(455, 199, 70, 1, '2024-02-11 00:54:00'),
(456, 60, 139, 1, '2024-04-07 00:05:00'),
(457, 97, 92, 1, '2024-03-07 00:03:00'),
(458, 194, 101, 1, '2024-01-10 00:53:00'),
(459, 149, 66, 1, '2024-01-30 00:36:00'),
(460, 44, 43, 1, '2024-02-01 00:43:00'),
(461, 32, 134, 2, '2024-06-07 00:31:00'),
(462, 150, 136, 1, '2024-06-06 00:50:00'),
(463, 41, 93, 1, '2024-04-17 00:51:00'),
(464, 179, 40, 1, '2024-05-22 00:06:00'),
(465, 50, 16, 1, '2024-04-02 00:15:00'),
(466, 133, 105, 1, '2024-05-02 00:06:00'),
(467, 30, 76, 1, '2024-05-28 00:39:00'),
(468, 140, 109, 1, '2024-04-05 00:46:00'),
(469, 135, 64, 3, '2024-02-07 00:50:00'),
(470, 187, 140, 1, '2024-02-14 00:00:00'),
(471, 123, 7, 1, '2024-06-14 00:02:00'),
(472, 163, 37, 1, '2024-02-17 00:59:00'),
(473, 164, 103, 1, '2024-06-01 00:35:00'),
(474, 184, 73, 1, '2024-01-21 00:41:00'),
(475, 46, 18, 1, '2024-02-28 00:47:00'),
(476, 7, 20, 2, '2024-05-27 00:11:00'),
(477, 44, 133, 1, '2024-02-19 00:01:00'),
(478, 168, 121, 2, '2024-02-07 00:52:00'),
(479, 95, 4, 1, '2024-05-08 00:29:00'),
(480, 43, 127, 1, '2024-01-07 00:54:00'),
(481, 109, 126, 1, '2024-03-07 00:34:00'),
(482, 24, 13, 2, '2024-06-17 00:08:00'),
(483, 63, 67, 1, '2024-05-12 00:25:00'),
(484, 139, 100, 1, '2024-06-05 00:11:00'),
(485, 5, 107, 2, '2024-02-17 00:02:00'),
(486, 71, 125, 1, '2024-04-30 00:34:00'),
(487, 181, 123, 1, '2024-01-17 00:30:00'),
(488, 25, 107, 1, '2024-02-17 00:50:00'),
(489, 164, 73, 2, '2024-01-21 00:15:00'),
(490, 32, 104, 1, '2024-01-30 00:38:00'),
(491, 62, 128, 1, '2024-06-24 00:39:00'),
(492, 185, 107, 1, '2024-02-17 00:55:00'),
(493, 131, 95, 1, '2024-01-05 00:52:00'),
(494, 197, 32, 1, '2024-02-15 00:48:00'),
(495, 167, 20, 1, '2024-05-27 00:13:00'),
(496, 160, 19, 1, '2024-01-24 00:10:00'),
(497, 111, 65, 1, '2024-03-10 00:39:00'),
(498, 70, 136, 3, '2024-06-06 00:41:00'),
(499, 138, 39, 1, '2024-05-15 00:45:00'),
(500, 159, 40, 2, '2024-05-22 00:16:00'),
(501, 159, 100, 2, '2024-06-05 00:22:00'),
(502, 183, 127, 1, '2024-01-07 00:23:00'),
(503, 12, 44, 1, '2024-05-07 00:29:00'),
(504, 99, 40, 2, '2024-05-22 00:08:00'),
(505, 132, 134, 1, '2024-06-07 00:46:00'),
(506, 176, 12, 1, '2024-02-15 00:31:00'),
(507, 134, 71, 2, '2024-01-29 00:06:00'),
(508, 82, 68, 1, '2024-03-24 00:05:00'),
(509, 167, 50, 1, '2024-02-17 00:21:00'),
(510, 67, 50, 1, '2024-02-17 00:17:00'),
(511, 125, 17, 1, '2024-01-06 00:57:00'),
(512, 75, 4, 1, '2024-05-08 00:46:00'),
(513, 29, 96, 1, '2024-03-05 00:20:00'),
(514, 9, 96, 2, '2024-03-05 00:03:00'),
(515, 126, 78, 1, '2024-06-08 00:37:00'),
(516, 84, 133, 2, '2024-02-19 00:53:00'),
(517, 38, 99, 1, '2024-03-23 00:36:00'),
(518, 66, 18, 1, '2024-02-28 00:16:00'),
(519, 147, 20, 1, '2024-05-27 00:56:00'),
(520, 198, 99, 1, '2024-03-23 00:00:00'),
(521, 42, 68, 1, '2024-03-24 00:52:00'),
(522, 64, 133, 1, '2024-02-19 00:34:00'),
(523, 129, 66, 1, '2024-01-30 00:25:00'),
(524, 52, 104, 1, '2024-01-30 00:48:00'),
(525, 150, 16, 4, '2024-04-02 00:17:00'),
(526, 117, 92, 1, '2024-03-07 00:06:00'),
(527, 45, 17, 1, '2024-01-06 00:13:00'),
(528, 121, 63, 4, '2024-05-18 00:54:00'),
(529, 35, 34, 1, '2024-01-20 00:55:00'),
(530, 107, 20, 1, '2024-05-27 00:08:00'),
(531, 96, 132, 1, '2024-04-16 00:01:00'),
(532, 165, 77, 1, '2024-03-17 00:06:00'),
(533, 125, 107, 1, '2024-02-17 00:04:00'),
(534, 96, 12, 1, '2024-02-15 00:46:00'),
(535, 19, 10, 2, '2024-01-27 00:40:00'),
(536, 133, 135, 1, '2024-03-02 00:11:00'),
(537, 175, 4, 2, '2024-05-08 00:04:00'),
(538, 11, 125, 1, '2024-04-30 00:39:00'),
(539, 178, 39, 1, '2024-05-15 00:59:00'),
(540, 81, 123, 1, '2024-01-17 00:43:00'),
(541, 107, 110, 1, '2024-06-10 00:24:00'),
(542, 112, 14, 1, '2024-05-07 00:18:00'),
(543, 18, 39, 3, '2024-05-15 00:27:00'),
(544, 185, 77, 1, '2024-03-17 00:50:00'),
(545, 34, 41, 2, '2024-03-27 00:14:00'),
(546, 117, 122, 1, '2024-06-16 00:25:00'),
(547, 74, 71, 1, '2024-01-29 00:40:00'),
(548, 74, 11, 1, '2024-05-07 00:15:00'),
(549, 193, 135, 1, '2024-03-02 00:35:00'),
(550, 24, 103, 1, '2024-06-01 00:46:00'),
(551, 136, 102, 1, '2024-02-15 00:05:00'),
(552, 92, 134, 1, '2024-06-07 00:05:00'),
(553, 65, 17, 1, '2024-01-06 00:19:00'),
(554, 52, 74, 1, '2024-04-07 00:25:00'),
(555, 81, 3, 1, '2024-02-11 00:45:00'),
(556, 127, 80, 1, '2024-03-20 00:31:00'),
(557, 56, 132, 3, '2024-04-16 00:35:00'),
(558, 123, 67, 1, '2024-05-12 00:44:00'),
(559, 61, 3, 1, '2024-02-11 00:45:00'),
(560, 100, 49, 2, '2024-05-28 00:00:00'),
(561, 65, 137, 1, '2024-03-31 00:02:00'),
(562, 131, 65, 1, '2024-03-10 00:57:00'),
(563, 192, 74, 1, '2024-04-07 00:51:00'),
(564, 23, 127, 1, '2024-01-07 00:04:00'),
(565, 23, 37, 1, '2024-02-17 00:33:00'),
(566, 90, 136, 1, '2024-06-06 00:31:00'),
(567, 85, 107, 1, '2024-02-17 00:53:00'),
(568, 100, 19, 1, '2024-01-24 00:57:00'),
(569, 168, 91, 1, '2024-04-18 00:16:00'),
(570, 186, 18, 1, '2024-02-28 00:47:00'),
(571, 95, 64, 1, '2024-02-07 00:37:00'),
(572, 107, 140, 1, '2024-02-14 00:43:00'),
(573, 66, 138, 1, '2024-04-22 00:38:00'),
(574, 46, 108, 2, '2024-04-22 00:45:00'),
(575, 177, 92, 1, '2024-03-07 00:47:00'),
(576, 108, 91, 1, '2024-04-18 00:56:00'),
(577, 56, 72, 2, '2024-01-21 00:35:00'),
(578, 195, 4, 1, '2024-05-08 00:31:00'),
(579, 44, 103, 1, '2024-06-01 00:26:00'),
(580, 47, 140, 2, '2024-02-14 00:48:00'),
(581, 29, 66, 1, '2024-01-30 00:27:00'),
(582, 148, 1, 2, '2024-05-07 00:59:00'),
(583, 71, 95, 1, '2024-01-05 00:25:00'),
(584, 162, 98, 1, '2024-05-04 00:48:00'),
(585, 157, 92, 1, '2024-03-07 00:45:00'),
(586, 51, 125, 1, '2024-04-30 00:25:00'),
(587, 123, 97, 1, '2024-02-16 00:29:00'),
(588, 117, 62, 1, '2024-06-19 00:32:00'),
(589, 70, 76, 1, '2024-05-28 00:33:00'),
(590, 193, 75, 1, '2024-02-21 00:28:00'),
(591, 2, 128, 1, '2024-06-24 00:27:00'),
(592, 115, 94, 1, '2024-03-12 00:41:00'),
(593, 110, 76, 1, '2024-05-28 00:43:00'),
(594, 188, 91, 4, '2024-04-18 00:37:00'),
(595, 90, 76, 1, '2024-05-28 00:17:00'),
(596, 32, 44, 1, '2024-05-07 00:07:00'),
(597, 48, 31, 1, '2024-06-24 00:14:00'),
(598, 141, 63, 1, '2024-05-18 00:21:00'),
(599, 67, 80, 1, '2024-03-20 00:45:00'),
(600, 103, 37, 1, '2024-02-17 00:29:00'),
(601, 22, 38, 1, '2024-01-28 00:32:00'),
(602, 80, 109, 1, '2024-04-05 00:41:00'),
(603, 189, 6, 1, '2024-06-10 00:59:00'),
(604, 33, 45, 1, '2024-05-10 00:41:00'),
(605, 120, 139, 1, '2024-04-07 00:37:00'),
(606, 12, 74, 2, '2024-04-07 00:02:00'),
(607, 50, 46, 2, '2024-05-03 00:26:00'),
(608, 16, 132, 1, '2024-04-16 00:52:00'),
(609, 145, 107, 2, '2024-02-17 00:30:00'),
(610, 89, 126, 1, '2024-03-07 00:13:00'),
(611, 2, 68, 1, '2024-03-24 00:57:00'),
(612, 118, 9, 2, '2024-04-23 00:58:00'),
(613, 117, 2, 1, '2024-05-23 00:26:00'),
(614, 63, 127, 1, '2024-01-07 00:54:00'),
(615, 57, 2, 1, '2024-05-23 00:20:00'),
(616, 113, 75, 1, '2024-02-21 00:16:00'),
(617, 13, 45, 1, '2024-05-10 00:24:00'),
(618, 122, 68, 1, '2024-03-24 00:51:00'),
(619, 143, 7, 1, '2024-06-14 00:49:00'),
(620, 79, 40, 2, '2024-05-22 00:52:00'),
(621, 190, 16, 1, '2024-04-02 00:47:00'),
(622, 50, 136, 1, '2024-06-06 00:16:00'),
(623, 63, 97, 1, '2024-02-16 00:28:00'),
(624, 85, 47, 1, '2024-03-24 00:09:00'),
(625, 135, 94, 1, '2024-03-12 00:16:00'),
(626, 8, 91, 1, '2024-04-18 00:14:00'),
(627, 171, 65, 1, '2024-03-10 00:16:00'),
(628, 103, 7, 1, '2024-06-14 00:54:00'),
(629, 172, 104, 1, '2024-01-30 00:35:00'),
(630, 183, 7, 1, '2024-06-14 00:50:00'),
(631, 124, 73, 1, '2024-01-21 00:28:00'),
(632, 96, 72, 2, '2024-01-21 00:23:00'),
(633, 195, 64, 1, '2024-02-07 00:48:00'),
(634, 116, 102, 1, '2024-02-15 00:41:00'),
(635, 104, 13, 1, '2024-06-17 00:08:00'),
(636, 109, 96, 1, '2024-03-05 00:59:00'),
(637, 124, 43, 1, '2024-02-01 00:25:00'),
(638, 136, 42, 1, '2024-02-17 00:20:00'),
(639, 28, 61, 1, '2024-04-01 00:55:00'),
(640, 123, 37, 1, '2024-02-17 00:48:00'),
(641, 132, 104, 1, '2024-01-30 00:04:00'),
(642, 38, 129, 2, '2024-02-21 00:59:00'),
(643, 116, 42, 1, '2024-02-17 00:01:00'),
(644, 74, 41, 1, '2024-03-27 00:33:00'),
(645, 163, 127, 1, '2024-01-07 00:01:00'),
(646, 120, 109, 1, '2024-04-05 00:40:00'),
(647, 106, 18, 1, '2024-02-28 00:32:00'),
(648, 70, 46, 2, '2024-05-03 00:58:00'),
(649, 124, 103, 1, '2024-06-01 00:04:00'),
(650, 187, 50, 1, '2024-02-17 00:39:00'),
(651, 169, 66, 1, '2024-01-30 00:24:00'),
(652, 195, 34, 1, '2024-01-20 00:00:00'),
(653, 1, 33, 2, '2024-05-23 00:37:00'),
(654, 125, 137, 1, '2024-03-31 00:44:00'),
(655, 182, 98, 2, '2024-05-04 00:37:00'),
(656, 61, 33, 1, '2024-05-23 00:21:00'),
(657, 39, 70, 2, '2024-02-11 00:49:00'),
(658, 23, 97, 1, '2024-02-16 00:30:00'),
(659, 143, 67, 1, '2024-05-12 00:09:00'),
(660, 165, 17, 1, '2024-01-06 00:30:00'),
(661, 199, 10, 1, '2024-01-27 00:41:00'),
(662, 64, 73, 1, '2024-01-21 00:59:00'),
(663, 3, 37, 1, '2024-02-17 00:00:00'),
(664, 114, 131, 2, '2024-06-04 00:17:00'),
(665, 189, 96, 1, '2024-03-05 00:06:00'),
(666, 62, 8, 1, '2024-03-29 00:15:00'),
(667, 88, 31, 1, '2024-06-24 00:49:00'),
(668, 186, 108, 1, '2024-04-22 00:17:00'),
(669, 94, 101, 1, '2024-01-10 00:29:00'),
(670, 76, 102, 1, '2024-02-15 00:47:00'),
(671, 108, 31, 2, '2024-06-24 00:44:00'),
(672, 89, 36, 1, '2024-04-08 00:44:00'),
(673, 51, 35, 1, '2024-05-10 00:30:00'),
(674, 51, 95, 1, '2024-01-05 00:03:00'),
(675, 93, 135, 1, '2024-03-02 00:48:00'),
(676, 182, 128, 1, '2024-06-24 00:24:00'),
(677, 191, 125, 2, '2024-04-30 00:18:00'),
(678, 175, 34, 1, '2024-01-20 00:25:00'),
(679, 80, 19, 1, '2024-01-24 00:12:00'),
(680, 136, 12, 1, '2024-02-15 00:10:00'),
(681, 193, 15, 1, '2024-06-24 00:07:00'),
(682, 88, 91, 1, '2024-04-18 00:22:00'),
(683, 126, 108, 1, '2024-04-22 00:28:00'),
(684, 123, 127, 2, '2024-01-07 00:22:00'),
(685, 95, 124, 1, '2024-06-24 00:06:00'),
(686, 7, 140, 1, '2024-02-14 00:59:00'),
(687, 13, 15, 1, '2024-06-24 00:47:00'),
(688, 52, 134, 2, '2024-06-07 00:30:00'),
(689, 146, 108, 1, '2024-04-22 00:01:00'),
(690, 17, 122, 1, '2024-06-16 00:21:00'),
(691, 7, 110, 1, '2024-06-10 00:37:00'),
(692, 71, 65, 1, '2024-03-10 00:01:00'),
(693, 75, 34, 4, '2024-01-20 00:25:00'),
(694, 73, 105, 1, '2024-05-02 00:27:00'),
(695, 18, 69, 2, '2024-02-11 00:38:00'),
(696, 159, 130, 1, '2024-05-18 00:53:00'),
(697, 40, 139, 3, '2024-04-07 00:05:00'),
(698, 46, 138, 1, '2024-04-22 00:43:00'),
(699, 92, 14, 1, '2024-05-07 00:25:00'),
(700, 51, 65, 1, '2024-03-10 00:00:00'),
(701, 87, 140, 1, '2024-02-14 00:10:00'),
(702, 197, 92, 1, '2024-03-07 00:36:00'),
(703, 36, 132, 2, '2024-04-16 00:41:00'),
(704, 161, 93, 1, '2024-04-17 00:03:00'),
(705, 108, 121, 1, '2024-02-07 00:29:00'),
(706, 157, 62, 2, '2024-06-19 00:36:00'),
(707, 25, 17, 1, '2024-01-06 00:41:00'),
(708, 93, 75, 3, '2024-02-21 00:17:00'),
(709, 40, 49, 1, '2024-05-28 00:59:00'),
(710, 37, 122, 1, '2024-06-16 00:38:00'),
(711, 20, 79, 1, '2024-03-15 00:44:00'),
(712, 72, 44, 1, '2024-05-07 00:24:00'),
(713, 57, 62, 1, '2024-06-19 00:02:00'),
(714, 31, 125, 1, '2024-04-30 00:04:00'),
(715, 125, 47, 1, '2024-03-24 00:01:00'),
(716, 175, 64, 1, '2024-02-07 00:13:00'),
(717, 52, 44, 1, '2024-05-07 00:39:00'),
(718, 79, 10, 1, '2024-01-27 00:43:00'),
(719, 77, 122, 1, '2024-06-16 00:08:00'),
(720, 184, 103, 2, '2024-06-01 00:17:00'),
(721, 48, 91, 1, '2024-04-18 00:07:00'),
(722, 61, 93, 1, '2024-04-17 00:06:00'),
(723, 115, 4, 1, '2024-05-08 00:35:00'),
(724, 13, 105, 1, '2024-05-02 00:24:00'),
(725, 83, 7, 2, '2024-06-14 00:43:00'),
(726, 27, 80, 2, '2024-03-20 00:36:00'),
(727, 180, 109, 2, '2024-04-05 00:19:00'),
(728, 21, 93, 2, '2024-04-17 00:40:00'),
(729, 6, 78, 1, '2024-06-08 00:38:00'),
(730, 57, 32, 1, '2024-02-15 00:10:00'),
(731, 114, 101, 1, '2024-01-10 00:18:00'),
(732, 179, 130, 4, '2024-05-18 00:10:00'),
(733, 144, 133, 1, '2024-02-19 00:25:00'),
(734, 68, 91, 1, '2024-04-18 00:13:00'),
(735, 12, 104, 2, '2024-01-30 00:14:00'),
(736, 28, 91, 1, '2024-04-18 00:57:00'),
(737, 78, 39, 1, '2024-05-15 00:40:00'),
(738, 110, 136, 1, '2024-06-06 00:12:00'),
(739, 8, 121, 1, '2024-02-07 00:45:00'),
(740, 91, 65, 1, '2024-03-10 00:21:00'),
(741, 129, 6, 1, '2024-06-10 00:43:00'),
(742, 171, 125, 1, '2024-04-30 00:11:00'),
(743, 142, 98, 1, '2024-05-04 00:15:00'),
(744, 13, 75, 1, '2024-02-21 00:31:00'),
(745, 147, 50, 1, '2024-02-17 00:18:00'),
(746, 87, 50, 2, '2024-02-17 00:24:00'),
(747, 190, 76, 1, '2024-05-28 00:46:00'),
(748, 176, 132, 1, '2024-04-16 00:29:00'),
(749, 130, 16, 1, '2024-04-02 00:03:00'),
(750, 200, 139, 3, '2024-04-07 00:07:00'),
(751, 154, 71, 1, '2024-01-29 00:59:00'),
(752, 163, 7, 1, '2024-06-14 00:21:00'),
(753, 155, 94, 1, '2024-03-12 00:01:00'),
(754, 31, 35, 1, '2024-05-10 00:43:00'),
(755, 14, 41, 2, '2024-03-27 00:15:00'),
(756, 99, 10, 1, '2024-01-27 00:16:00'),
(757, 158, 99, 1, '2024-03-23 00:38:00'),
(758, 110, 106, 1, '2024-01-24 00:37:00'),
(759, 150, 106, 1, '2024-01-24 00:33:00'),
(760, 102, 8, 1, '2024-03-29 00:57:00'),
(761, 92, 74, 1, '2024-04-07 00:36:00'),
(762, 153, 45, 1, '2024-05-10 00:08:00'),
(763, 27, 50, 2, '2024-02-17 00:37:00'),
(764, 80, 139, 1, '2024-04-07 00:58:00'),
(765, 182, 38, 1, '2024-01-28 00:32:00'),
(766, 166, 78, 2, '2024-06-08 00:10:00'),
(767, 188, 121, 1, '2024-02-07 00:13:00'),
(768, 72, 134, 1, '2024-06-07 00:15:00'),
(769, 54, 11, 2, '2024-05-07 00:02:00'),
(770, 176, 72, 1, '2024-01-21 00:01:00'),
(771, 130, 46, 1, '2024-05-03 00:09:00'),
(772, 139, 10, 1, '2024-01-27 00:19:00'),
(773, 177, 32, 1, '2024-02-15 00:22:00'),
(774, 104, 133, 1, '2024-02-19 00:53:00'),
(775, 75, 124, 1, '2024-06-24 00:16:00'),
(776, 65, 47, 1, '2024-03-24 00:09:00'),
(777, 83, 37, 1, '2024-02-17 00:29:00'),
(778, 179, 10, 3, '2024-01-27 00:43:00'),
(779, 198, 39, 1, '2024-05-15 00:11:00'),
(780, 31, 5, 1, '2024-05-24 00:58:00'),
(781, 175, 94, 2, '2024-03-12 00:12:00'),
(782, 20, 109, 1, '2024-04-05 00:41:00'),
(783, 6, 108, 1, '2024-04-22 00:48:00'),
(784, 141, 93, 1, '2024-04-17 00:23:00'),
(785, 84, 43, 1, '2024-02-01 00:23:00'),
(786, 113, 45, 1, '2024-05-10 00:16:00'),
(787, 5, 47, 1, '2024-03-24 00:35:00'),
(788, 104, 73, 1, '2024-01-21 00:22:00'),
(789, 39, 10, 2, '2024-01-27 00:34:00'),
(790, 111, 5, 1, '2024-05-24 00:09:00'),
(791, 71, 35, 1, '2024-05-10 00:52:00'),
(792, 110, 46, 1, '2024-05-03 00:13:00'),
(793, 89, 66, 1, '2024-01-30 00:26:00'),
(794, 40, 19, 1, '2024-01-24 00:03:00'),
(795, 131, 125, 2, '2024-04-30 00:00:00'),
(796, 22, 68, 1, '2024-03-24 00:18:00'),
(797, 17, 2, 1, '2024-05-23 00:11:00'),
(798, 115, 64, 1, '2024-02-07 00:53:00'),
(799, 25, 77, 1, '2024-03-17 00:13:00'),
(800, 2, 98, 1, '2024-05-04 00:28:00'),
(801, 178, 69, 2, '2024-02-11 00:07:00'),
(802, 127, 50, 1, '2024-02-17 00:51:00'),
(803, 97, 32, 2, '2024-02-15 00:47:00'),
(804, 126, 18, 1, '2024-02-28 00:26:00'),
(805, 191, 5, 1, '2024-05-24 00:00:00'),
(806, 101, 33, 1, '2024-05-23 00:19:00'),
(807, 166, 48, 1, '2024-03-25 00:11:00'),
(808, 34, 101, 1, '2024-01-10 00:42:00'),
(809, 19, 100, 1, '2024-06-05 00:34:00'),
(810, 81, 33, 1, '2024-05-23 00:58:00'),
(811, 33, 15, 1, '2024-06-24 00:49:00'),
(812, 134, 131, 3, '2024-06-04 00:00:00'),
(813, 128, 61, 2, '2024-04-01 00:08:00'),
(814, 128, 31, 2, '2024-06-24 00:08:00'),
(815, 112, 44, 3, '2024-05-07 00:29:00'),
(816, 170, 136, 1, '2024-06-06 00:24:00'),
(817, 187, 110, 2, '2024-06-10 00:19:00'),
(818, 192, 104, 1, '2024-01-30 00:32:00'),
(819, 20, 139, 1, '2024-04-07 00:18:00'),
(820, 83, 127, 1, '2024-01-07 00:43:00'),
(821, 58, 9, 1, '2024-04-23 00:16:00'),
(822, 172, 74, 1, '2024-04-07 00:39:00'),
(823, 43, 67, 1, '2024-05-12 00:56:00'),
(824, 89, 96, 1, '2024-03-05 00:23:00'),
(825, 135, 124, 1, '2024-06-24 00:52:00'),
(826, 198, 69, 2, '2024-02-11 00:48:00'),
(827, 48, 121, 1, '2024-02-07 00:23:00'),
(828, 88, 61, 1, '2024-04-01 00:50:00'),
(829, 49, 96, 1, '2024-03-05 00:15:00'),
(830, 167, 110, 1, '2024-06-10 00:04:00'),
(831, 194, 11, 3, '2024-05-07 00:58:00'),
(832, 6, 18, 4, '2024-02-28 00:52:00'),
(833, 78, 69, 1, '2024-02-11 00:12:00'),
(834, 133, 75, 1, '2024-02-21 00:10:00'),
(835, 78, 129, 1, '2024-02-21 00:43:00'),
(836, 71, 5, 1, '2024-05-24 00:22:00'),
(837, 150, 46, 1, '2024-05-03 00:31:00'),
(838, 60, 79, 1, '2024-03-15 00:52:00'),
(839, 36, 72, 1, '2024-01-21 00:20:00'),
(840, 37, 2, 1, '2024-05-23 00:51:00'),
(841, 138, 129, 1, '2024-02-21 00:12:00'),
(842, 101, 63, 1, '2024-05-18 00:24:00'),
(843, 146, 18, 2, '2024-02-28 00:14:00'),
(844, 136, 132, 1, '2024-04-16 00:35:00'),
(845, 186, 48, 1, '2024-03-25 00:04:00'),
(846, 185, 47, 1, '2024-03-24 00:06:00'),
(847, 34, 131, 1, '2024-06-04 00:38:00'),
(848, 189, 36, 3, '2024-04-08 00:19:00'),
(849, 199, 40, 1, '2024-05-22 00:58:00'),
(850, 190, 136, 1, '2024-06-06 00:15:00'),
(851, 147, 80, 1, '2024-03-20 00:48:00'),
(852, 137, 62, 1, '2024-06-19 00:52:00'),
(853, 15, 124, 1, '2024-06-24 00:31:00'),
(854, 183, 37, 1, '2024-02-17 00:20:00'),
(855, 93, 15, 1, '2024-06-24 00:22:00'),
(856, 162, 68, 1, '2024-03-24 00:59:00'),
(857, 15, 34, 1, '2024-01-20 00:11:00'),
(858, 105, 137, 1, '2024-03-31 00:58:00'),
(859, 82, 98, 1, '2024-05-04 00:50:00'),
(860, 149, 126, 1, '2024-03-07 00:00:00'),
(861, 36, 42, 1, '2024-02-17 00:43:00'),
(862, 33, 75, 1, '2024-02-21 00:09:00'),
(863, 118, 69, 1, '2024-02-11 00:48:00'),
(864, 180, 19, 2, '2024-01-24 00:43:00'),
(865, 142, 8, 1, '2024-03-29 00:32:00'),
(866, 59, 10, 1, '2024-01-27 00:23:00'),
(867, 159, 70, 1, '2024-02-11 00:22:00'),
(868, 55, 124, 1, '2024-06-24 00:49:00'),
(869, 85, 137, 1, '2024-03-31 00:06:00'),
(870, 69, 6, 1, '2024-06-10 00:23:00'),
(871, 98, 69, 1, '2024-02-11 00:01:00'),
(872, 142, 128, 1, '2024-06-24 00:43:00'),
(873, 19, 130, 1, '2024-05-18 00:53:00'),
(874, 166, 108, 1, '2024-04-22 00:02:00'),
(875, 11, 65, 1, '2024-03-10 00:50:00'),
(876, 171, 5, 1, '2024-05-24 00:19:00'),
(877, 198, 129, 1, '2024-02-21 00:19:00'),
(878, 52, 14, 1, '2024-05-07 00:35:00'),
(879, 181, 93, 1, '2024-04-17 00:11:00'),
(880, 148, 61, 4, '2024-04-01 00:02:00'),
(881, 191, 95, 4, '2024-01-05 00:53:00'),
(882, 146, 48, 4, '2024-03-25 00:21:00'),
(883, 35, 124, 2, '2024-06-24 00:55:00'),
(884, 149, 36, 2, '2024-04-08 00:36:00'),
(885, 11, 35, 1, '2024-05-10 00:00:00'),
(886, 141, 33, 1, '2024-05-23 00:36:00'),
(887, 119, 130, 1, '2024-05-18 00:03:00'),
(888, 173, 75, 1, '2024-02-21 00:48:00'),
(889, 179, 100, 1, '2024-06-05 00:23:00'),
(890, 20, 19, 3, '2024-01-24 00:33:00'),
(891, 158, 39, 1, '2024-05-15 00:26:00'),
(892, 148, 91, 1, '2024-04-18 00:20:00'),
(893, 160, 109, 1, '2024-04-05 00:56:00'),
(894, 162, 38, 1, '2024-01-28 00:43:00'),
(895, 6, 48, 1, '2024-03-25 00:18:00'),
(896, 185, 17, 1, '2024-01-06 00:50:00'),
(897, 82, 8, 3, '2024-03-29 00:45:00'),
(898, 196, 42, 2, '2024-02-17 00:33:00'),
(899, 35, 94, 1, '2024-03-12 00:57:00'),
(900, 200, 109, 1, '2024-04-05 00:40:00'),
(901, 9, 126, 1, '2024-03-07 00:07:00'),
(902, 199, 130, 1, '2024-05-18 00:08:00'),
(903, 152, 134, 1, '2024-06-07 00:37:00'),
(904, 164, 43, 1, '2024-02-01 00:43:00'),
(905, 90, 46, 1, '2024-05-03 00:30:00'),
(906, 88, 1, 1, '2024-05-07 00:20:00'),
(907, 44, 73, 1, '2024-01-21 00:21:00'),
(908, 119, 40, 1, '2024-05-22 00:20:00'),
(909, 169, 126, 1, '2024-03-07 00:01:00'),
(910, 78, 9, 3, '2024-04-23 00:34:00'),
(911, 25, 137, 1, '2024-03-31 00:55:00'),
(912, 63, 7, 2, '2024-06-14 00:54:00'),
(913, 96, 42, 1, '2024-02-17 00:45:00'),
(914, 48, 1, 1, '2024-05-07 00:42:00'),
(915, 39, 130, 2, '2024-05-18 00:44:00'),
(916, 79, 70, 1, '2024-02-11 00:31:00'),
(917, 151, 95, 2, '2024-01-05 00:13:00'),
(918, 162, 8, 2, '2024-03-29 00:14:00'),
(919, 86, 78, 1, '2024-06-08 00:52:00'),
(920, 145, 77, 2, '2024-03-17 00:05:00'),
(921, 104, 103, 1, '2024-06-01 00:21:00'),
(922, 53, 105, 1, '2024-05-02 00:58:00'),
(923, 148, 31, 1, '2024-06-24 00:41:00'),
(924, 18, 9, 1, '2024-04-23 00:17:00'),
(925, 196, 12, 1, '2024-02-15 00:51:00'),
(926, 145, 17, 1, '2024-01-06 00:53:00'),
(927, 40, 79, 1, '2024-03-15 00:14:00'),
(928, 124, 133, 2, '2024-02-19 00:08:00'),
(929, 112, 134, 1, '2024-06-07 00:08:00'),
(930, 1, 123, 1, '2024-01-17 00:03:00'),
(931, 48, 61, 2, '2024-04-01 00:37:00'),
(932, 155, 4, 1, '2024-05-08 00:55:00'),
(933, 74, 131, 1, '2024-06-04 00:00:00'),
(934, 16, 12, 1, '2024-02-15 00:07:00'),
(935, 174, 101, 1, '2024-01-10 00:58:00'),
(936, 138, 9, 1, '2024-04-23 00:26:00'),
(937, 165, 107, 1, '2024-02-17 00:04:00'),
(938, 149, 96, 1, '2024-03-05 00:52:00'),
(939, 3, 127, 1, '2024-01-07 00:15:00'),
(940, 196, 72, 1, '2024-01-21 00:37:00'),
(941, 179, 70, 1, '2024-02-11 00:24:00'),
(942, 159, 10, 1, '2024-01-27 00:57:00'),
(943, 6, 138, 1, '2024-04-22 00:43:00'),
(944, 77, 62, 1, '2024-06-19 00:24:00'),
(945, 128, 91, 2, '2024-04-18 00:43:00'),
(946, 28, 121, 1, '2024-02-07 00:16:00'),
(947, 44, 13, 1, '2024-06-17 00:22:00'),
(948, 103, 97, 2, '2024-02-16 00:26:00'),
(949, 143, 97, 1, '2024-02-16 00:47:00'),
(950, 18, 129, 3, '2024-02-21 00:06:00'),
(951, 10, 46, 1, '2024-05-03 00:42:00'),
(952, 22, 8, 1, '2024-03-29 00:17:00'),
(953, 129, 36, 1, '2024-04-08 00:52:00'),
(954, 125, 77, 1, '2024-03-17 00:32:00'),
(955, 134, 101, 2, '2024-01-10 00:33:00'),
(956, 152, 14, 1, '2024-05-07 00:49:00'),
(957, 58, 69, 1, '2024-02-11 00:08:00'),
(958, 172, 14, 3, '2024-05-07 00:39:00'),
(959, 112, 104, 1, '2024-01-30 00:58:00'),
(960, 55, 4, 1, '2024-05-08 00:06:00'),
(961, 15, 4, 1, '2024-05-08 00:04:00'),
(962, 69, 36, 1, '2024-04-08 00:18:00'),
(963, 140, 19, 1, '2024-01-24 00:05:00'),
(964, 126, 138, 1, '2024-04-22 00:16:00'),
(965, 22, 98, 1, '2024-05-04 00:30:00'),
(966, 121, 123, 2, '2024-01-17 00:24:00'),
(967, 144, 103, 1, '2024-06-01 00:57:00'),
(968, 58, 129, 2, '2024-02-21 00:30:00'),
(969, 148, 121, 1, '2024-02-07 00:10:00'),
(970, 200, 19, 1, '2024-01-24 00:29:00'),
(971, 55, 34, 1, '2024-01-20 00:00:00'),
(972, 180, 79, 1, '2024-03-15 00:45:00'),
(973, 27, 140, 2, '2024-02-14 00:40:00'),
(974, 37, 92, 1, '2024-03-07 00:07:00'),
(975, 49, 6, 1, '2024-06-10 00:12:00'),
(976, 183, 97, 1, '2024-02-16 00:34:00'),
(977, 62, 38, 1, '2024-01-28 00:39:00'),
(978, 94, 41, 1, '2024-03-27 00:43:00'),
(979, 118, 129, 1, '2024-02-21 00:42:00'),
(980, 50, 106, 1, '2024-01-24 00:59:00'),
(981, 66, 48, 2, '2024-03-25 00:36:00'),
(982, 78, 99, 4, '2024-03-23 00:26:00'),
(983, 73, 15, 1, '2024-06-24 00:58:00'),
(984, 142, 38, 1, '2024-01-28 00:00:00'),
(985, 166, 138, 1, '2024-04-22 00:34:00'),
(986, 121, 33, 2, '2024-05-23 00:58:00'),
(987, 160, 49, 1, '2024-05-28 00:51:00'),
(988, 189, 66, 1, '2024-01-30 00:51:00'),
(989, 140, 49, 1, '2024-05-28 00:07:00'),
(990, 7, 80, 1, '2024-03-20 00:55:00'),
(991, 135, 4, 1, '2024-05-08 00:38:00'),
(992, 50, 76, 2, '2024-05-28 00:54:00'),
(993, 176, 102, 2, '2024-02-15 00:51:00'),
(994, 193, 105, 1, '2024-05-02 00:02:00'),
(995, 105, 77, 1, '2024-03-17 00:42:00'),
(996, 4, 103, 1, '2024-06-01 00:00:00'),
(997, 139, 70, 1, '2024-02-11 00:04:00'),
(998, 8, 1, 1, '2024-05-07 00:08:00'),
(999, 158, 69, 1, '2024-02-11 00:23:00'),
(1000, 113, 15, 2, '2024-06-24 00:19:00');

-- --------------------------------------------------------

--
-- Table structure for table `attendance_status`
--

CREATE TABLE `attendance_status` (
  `status_id` bigint(20) NOT NULL,
  `code` varchar(50) NOT NULL,
  `name` varchar(100) NOT NULL
) ENGINE=InnoDB DEFAULT CHARSET=utf8mb4 COLLATE=utf8mb4_unicode_ci;

--
-- Dumping data for table `attendance_status`
--

INSERT INTO `attendance_status` (`status_id`, `code`, `name`) VALUES
(1, 'PRESENT', 'Có mặt'),
(2, 'ABSENT', 'Vắng mặt'),
(3, 'LATE', 'Đi muộn'),
(4, 'EXCUSED', 'Có phép');

-- --------------------------------------------------------

--
-- Table structure for table `cache`
--

CREATE TABLE `cache` (
  `key` varchar(255) NOT NULL,
  `value` mediumtext NOT NULL,
  `expiration` int(11) NOT NULL
) ENGINE=InnoDB DEFAULT CHARSET=utf8mb4 COLLATE=utf8mb4_unicode_ci;

-- --------------------------------------------------------

--
-- Table structure for table `cache_locks`
--

CREATE TABLE `cache_locks` (
  `key` varchar(255) NOT NULL,
  `owner` varchar(255) NOT NULL,
  `expiration` int(11) NOT NULL
) ENGINE=InnoDB DEFAULT CHARSET=utf8mb4 COLLATE=utf8mb4_unicode_ci;

-- --------------------------------------------------------

--
-- Table structure for table `campus`
--

CREATE TABLE `campus` (
  `campus_id` bigint(20) NOT NULL,
  `campus_code` varchar(50) NOT NULL,
  `campus_name` varchar(150) NOT NULL,
  `address` varchar(255) DEFAULT NULL,
  `status_id` bigint(20) NOT NULL,
  `created_at` datetime NOT NULL DEFAULT current_timestamp()
) ENGINE=InnoDB DEFAULT CHARSET=utf8mb4 COLLATE=utf8mb4_unicode_ci;

--
-- Dumping data for table `campus`
--

INSERT INTO `campus` (`campus_id`, `campus_code`, `campus_name`, `address`, `status_id`, `created_at`) VALUES
(1, 'CS1', 'Cơ sở 1 - Hà Nội', 'Số 1, Đường ABC, Quận XYZ, Hà Nội', 1, '2026-01-12 22:16:11'),
(2, 'CS2', 'Cơ sở 2 - TP.HCM', 'Số 2, Đường DEF, Quận UVW, TP.HCM', 1, '2026-01-12 22:16:11'),
(3, 'CS3', 'Cơ sở 3 - Đà Nẵng', 'Số 3, Đường GHI, Quận RST, Đà Nẵng', 1, '2026-01-12 22:16:11');

-- --------------------------------------------------------

--
-- Table structure for table `campus_status`
--

CREATE TABLE `campus_status` (
  `status_id` bigint(20) NOT NULL,
  `code` varchar(50) NOT NULL,
  `name` varchar(100) NOT NULL
) ENGINE=InnoDB DEFAULT CHARSET=utf8mb4 COLLATE=utf8mb4_unicode_ci;

--
-- Dumping data for table `campus_status`
--

INSERT INTO `campus_status` (`status_id`, `code`, `name`) VALUES
(9, 'ACTIVE', 'Hoạt động'),
(10, 'INACTIVE', 'Ngừng hoạt động');

-- --------------------------------------------------------

--
-- Table structure for table `class_grading_scheme`
--

CREATE TABLE `class_grading_scheme` (
  `class_grading_scheme_id` bigint(20) NOT NULL,
  `class_section_id` bigint(20) NOT NULL,
  `grading_scheme_id` bigint(20) NOT NULL,
  `applied_at` datetime DEFAULT NULL,
  `status_id` bigint(20) NOT NULL,
  `created_at` datetime NOT NULL DEFAULT current_timestamp()
) ENGINE=InnoDB DEFAULT CHARSET=utf8mb4 COLLATE=utf8mb4_unicode_ci;

--
-- Dumping data for table `class_grading_scheme`
--

INSERT INTO `class_grading_scheme` (`class_grading_scheme_id`, `class_section_id`, `grading_scheme_id`, `applied_at`, `status_id`, `created_at`) VALUES
(1, 1, 2, '2025-12-14 22:16:11', 1, '2026-01-12 22:16:11'),
(2, 9, 1, '2026-01-03 22:16:11', 1, '2026-01-12 22:16:11'),
(3, 2, 3, '2025-12-24 22:16:11', 1, '2026-01-12 22:16:11'),
(4, 3, 1, '2026-01-06 22:16:11', 1, '2026-01-12 22:16:11'),
(5, 10, 2, '2026-01-06 22:16:11', 1, '2026-01-12 22:16:11'),
(6, 4, 2, '2025-12-29 22:16:11', 1, '2026-01-12 22:16:11'),
(7, 8, 3, '2025-12-23 22:16:11', 1, '2026-01-12 22:16:11'),
(8, 5, 3, '2025-12-16 22:16:11', 1, '2026-01-12 22:16:11'),
(9, 12, 1, '2025-12-24 22:16:11', 1, '2026-01-12 22:16:11'),
(10, 15, 1, '2026-01-01 22:16:11', 1, '2026-01-12 22:16:11'),
(11, 19, 2, '2026-01-12 22:16:11', 1, '2026-01-12 22:16:11'),
(12, 6, 1, '2025-12-16 22:16:11', 1, '2026-01-12 22:16:11'),
(13, 11, 3, '2025-12-25 22:16:11', 1, '2026-01-12 22:16:11'),
(14, 13, 2, '2026-01-05 22:16:11', 1, '2026-01-12 22:16:11'),
(15, 16, 2, '2025-12-31 22:16:11', 1, '2026-01-12 22:16:11'),
(16, 7, 2, '2026-01-01 22:16:11', 1, '2026-01-12 22:16:11'),
(17, 14, 3, '2025-12-23 22:16:11', 1, '2026-01-12 22:16:11'),
(18, 17, 3, '2026-01-07 22:16:11', 1, '2026-01-12 22:16:11'),
(19, 18, 1, '2025-12-15 22:16:11', 1, '2026-01-12 22:16:11'),
(20, 20, 3, '2026-01-07 22:16:11', 1, '2026-01-12 22:16:11'),
(21, 23, 3, '2026-01-11 22:16:11', 1, '2026-01-12 22:16:11'),
(22, 29, 3, '2025-12-23 22:16:11', 1, '2026-01-12 22:16:11'),
(23, 22, 2, '2026-01-05 22:16:11', 1, '2026-01-12 22:16:11'),
(24, 24, 1, '2026-01-07 22:16:11', 1, '2026-01-12 22:16:11'),
(25, 26, 3, '2026-01-07 22:16:11', 1, '2026-01-12 22:16:11'),
(26, 27, 1, '2025-12-31 22:16:11', 1, '2026-01-12 22:16:11'),
(27, 28, 2, '2025-12-28 22:16:11', 1, '2026-01-12 22:16:11'),
(28, 21, 1, '2026-01-01 22:16:11', 1, '2026-01-12 22:16:11'),
(29, 25, 2, '2026-01-01 22:16:11', 1, '2026-01-12 22:16:11'),
(30, 30, 1, '2025-12-23 22:16:11', 1, '2026-01-12 22:16:11'),
(31, 31, 2, '2026-01-03 22:16:11', 1, '2026-01-12 22:16:11'),
(32, 33, 1, '2025-12-28 22:16:11', 1, '2026-01-12 22:16:11'),
(33, 34, 2, '2025-12-25 22:16:11', 1, '2026-01-12 22:16:11'),
(34, 37, 2, '2025-12-26 22:16:11', 1, '2026-01-12 22:16:11'),
(35, 39, 1, '2026-01-09 22:16:11', 1, '2026-01-12 22:16:11'),
(36, 41, 3, '2025-12-21 22:16:11', 1, '2026-01-12 22:16:11'),
(37, 45, 1, '2026-01-01 22:16:11', 1, '2026-01-12 22:16:11'),
(38, 46, 2, '2025-12-24 22:16:11', 1, '2026-01-12 22:16:11'),
(39, 36, 1, '2026-01-10 22:16:11', 1, '2026-01-12 22:16:11'),
(40, 43, 2, '2025-12-28 22:16:11', 1, '2026-01-12 22:16:11'),
(41, 35, 3, '2026-01-05 22:16:11', 1, '2026-01-12 22:16:11'),
(42, 42, 1, '2025-12-19 22:16:11', 1, '2026-01-12 22:16:11'),
(43, 44, 3, '2026-01-04 22:16:11', 1, '2026-01-12 22:16:11'),
(44, 32, 3, '2025-12-14 22:16:11', 1, '2026-01-12 22:16:11'),
(45, 40, 2, '2026-01-09 22:16:11', 1, '2026-01-12 22:16:11'),
(46, 47, 3, '2025-12-28 22:16:11', 1, '2026-01-12 22:16:11'),
(47, 38, 3, '2026-01-03 22:16:11', 1, '2026-01-12 22:16:11');

-- --------------------------------------------------------

--
-- Table structure for table `class_meeting`
--

CREATE TABLE `class_meeting` (
  `class_meeting_id` bigint(20) NOT NULL,
  `class_section_id` bigint(20) NOT NULL,
  `meeting_date` date NOT NULL,
  `time_slot_id` bigint(20) DEFAULT NULL,
  `room_id` bigint(20) DEFAULT NULL,
  `meeting_status_id` bigint(20) NOT NULL,
  `note` varchar(255) DEFAULT NULL,
  `created_at` datetime NOT NULL DEFAULT current_timestamp()
) ENGINE=InnoDB DEFAULT CHARSET=utf8mb4 COLLATE=utf8mb4_unicode_ci;

--
-- Dumping data for table `class_meeting`
--

INSERT INTO `class_meeting` (`class_meeting_id`, `class_section_id`, `meeting_date`, `time_slot_id`, `room_id`, `meeting_status_id`, `note`, `created_at`) VALUES
(1, 1, '2024-05-07', 11, 6, 2, 'Buổi học thứ 1. Thực hành lab', '2026-01-12 22:16:11'),
(2, 9, '2024-05-23', 8, 6, 2, 'Buổi học thứ 1. Kiểm tra giữa kỳ', '2026-01-12 22:16:11'),
(3, 2, '2024-02-11', 10, 3, 2, 'Buổi học thứ 1. Kiểm tra giữa kỳ', '2026-01-12 22:16:11'),
(4, 3, '2024-05-08', 10, 5, 2, 'Buổi học thứ 1. Thực hành lab', '2026-01-12 22:16:11'),
(5, 10, '2024-05-24', 5, 5, 2, 'Buổi học thứ 1. Thực hành lab', '2026-01-12 22:16:11'),
(6, 4, '2024-06-10', 5, 1, 2, 'Buổi học thứ 1. Lý thuyết', '2026-01-12 22:16:11'),
(7, 8, '2024-06-14', 5, 1, 2, 'Buổi học thứ 1. Kiểm tra giữa kỳ', '2026-01-12 22:16:11'),
(8, 5, '2024-03-29', 5, 4, 2, 'Buổi học thứ 1. Lý thuyết', '2026-01-12 22:16:11'),
(9, 12, '2024-04-23', 3, 8, 2, 'Buổi học thứ 1. Thực hành lab', '2026-01-12 22:16:11'),
(10, 15, '2024-01-27', 4, 3, 2, 'Buổi học thứ 1. Lý thuyết', '2026-01-12 22:16:11'),
(11, 19, '2024-05-07', 6, 2, 2, 'Buổi học thứ 1. Thực hành lab', '2026-01-12 22:16:11'),
(12, 6, '2024-02-15', 6, 7, 2, 'Buổi học thứ 1. Lý thuyết', '2026-01-12 22:16:11'),
(13, 11, '2024-06-17', 12, 9, 2, 'Buổi học thứ 1. Kiểm tra giữa kỳ', '2026-01-12 22:16:11'),
(14, 13, '2024-05-07', 11, 1, 2, 'Buổi học thứ 1. Thực hành lab', '2026-01-12 22:16:11'),
(15, 16, '2024-06-24', 8, 5, 2, 'Buổi học thứ 1. Kiểm tra giữa kỳ', '2026-01-12 22:16:11'),
(16, 7, '2024-04-02', 10, 6, 2, 'Buổi học thứ 1. Thực hành lab', '2026-01-12 22:16:11'),
(17, 14, '2024-01-06', 7, 7, 2, 'Buổi học thứ 1. Kiểm tra giữa kỳ', '2026-01-12 22:16:11'),
(18, 17, '2024-02-28', 3, 1, 2, 'Buổi học thứ 1. Lý thuyết', '2026-01-12 22:16:11'),
(19, 18, '2024-01-24', 8, 8, 2, 'Buổi học thứ 1. Kiểm tra giữa kỳ', '2026-01-12 22:16:11'),
(20, 20, '2024-05-27', 9, 2, 2, 'Buổi học thứ 1. Thực hành lab', '2026-01-12 22:16:11'),
(21, 23, '2024-05-21', 6, 9, 2, 'Buổi học thứ 1. Kiểm tra giữa kỳ', '2026-01-12 22:16:11'),
(22, 29, '2024-06-24', 8, 1, 2, 'Buổi học thứ 1. Thực hành lab', '2026-01-12 22:16:11'),
(23, 22, '2024-05-16', 9, 3, 2, 'Buổi học thứ 1. Lý thuyết', '2026-01-12 22:16:11'),
(24, 24, '2024-06-07', 12, 1, 2, 'Buổi học thứ 1. Thực hành lab', '2026-01-12 22:16:11'),
(25, 26, '2024-04-27', 2, 3, 2, 'Buổi học thứ 1. Thực hành lab', '2026-01-12 22:16:11'),
(26, 27, '2024-04-23', 11, 2, 2, 'Buổi học thứ 1. Kiểm tra giữa kỳ', '2026-01-12 22:16:11'),
(27, 28, '2024-04-13', 5, 1, 2, 'Buổi học thứ 1. Lý thuyết', '2026-01-12 22:16:11'),
(28, 21, '2024-03-07', 8, 6, 2, 'Buổi học thứ 1. Thực hành lab', '2026-01-12 22:16:11'),
(29, 25, '2024-01-23', 3, 4, 2, 'Buổi học thứ 1. Lý thuyết', '2026-01-12 22:16:11'),
(30, 30, '2024-04-18', 3, 8, 2, 'Buổi học thứ 1. Kiểm tra giữa kỳ', '2026-01-12 22:16:11'),
(31, 1, '2024-06-24', 11, 6, 2, 'Buổi học thứ 2. Thực hành lab', '2026-01-12 22:16:11'),
(32, 9, '2024-02-15', 8, 6, 2, 'Buổi học thứ 2. Lý thuyết', '2026-01-12 22:16:11'),
(33, 2, '2024-05-23', 10, 3, 2, 'Buổi học thứ 2. Kiểm tra giữa kỳ', '2026-01-12 22:16:11'),
(34, 3, '2024-01-20', 10, 5, 2, 'Buổi học thứ 2. Lý thuyết', '2026-01-12 22:16:11'),
(35, 10, '2024-05-10', 5, 5, 2, 'Buổi học thứ 2. Thực hành lab', '2026-01-12 22:16:11'),
(36, 4, '2024-04-08', 5, 1, 2, 'Buổi học thứ 2. Kiểm tra giữa kỳ', '2026-01-12 22:16:11'),
(37, 8, '2024-02-17', 5, 1, 2, 'Buổi học thứ 2. Kiểm tra giữa kỳ', '2026-01-12 22:16:11'),
(38, 5, '2024-01-28', 5, 4, 2, 'Buổi học thứ 2. Lý thuyết', '2026-01-12 22:16:11'),
(39, 12, '2024-05-15', 3, 8, 2, 'Buổi học thứ 2. Lý thuyết', '2026-01-12 22:16:11'),
(40, 15, '2024-05-22', 4, 3, 2, 'Buổi học thứ 2. Kiểm tra giữa kỳ', '2026-01-12 22:16:11'),
(41, 19, '2024-03-27', 6, 2, 2, 'Buổi học thứ 2. Lý thuyết', '2026-01-12 22:16:11'),
(42, 6, '2024-02-17', 6, 7, 2, 'Buổi học thứ 2. Lý thuyết', '2026-01-12 22:16:11'),
(43, 11, '2024-02-01', 12, 9, 2, 'Buổi học thứ 2. Kiểm tra giữa kỳ', '2026-01-12 22:16:11'),
(44, 13, '2024-05-07', 11, 1, 2, 'Buổi học thứ 2. Thực hành lab', '2026-01-12 22:16:11'),
(45, 16, '2024-05-10', 8, 5, 2, 'Buổi học thứ 2. Thực hành lab', '2026-01-12 22:16:11'),
(46, 7, '2024-05-03', 10, 6, 2, 'Buổi học thứ 2. Thực hành lab', '2026-01-12 22:16:11'),
(47, 14, '2024-03-24', 7, 7, 2, 'Buổi học thứ 2. Kiểm tra giữa kỳ', '2026-01-12 22:16:11'),
(48, 17, '2024-03-25', 3, 1, 2, 'Buổi học thứ 2. Thực hành lab', '2026-01-12 22:16:11'),
(49, 18, '2024-05-28', 8, 8, 2, 'Buổi học thứ 2. Thực hành lab', '2026-01-12 22:16:11'),
(50, 20, '2024-02-17', 9, 2, 2, 'Buổi học thứ 2. Kiểm tra giữa kỳ', '2026-01-12 22:16:11'),
(51, 23, '2024-02-24', 6, 9, 2, 'Buổi học thứ 2. Lý thuyết', '2026-01-12 22:16:11'),
(52, 29, '2024-02-03', 8, 1, 2, 'Buổi học thứ 2. Kiểm tra giữa kỳ', '2026-01-12 22:16:11'),
(53, 22, '2024-05-25', 9, 3, 2, 'Buổi học thứ 2. Lý thuyết', '2026-01-12 22:16:11'),
(54, 24, '2024-03-03', 12, 1, 2, 'Buổi học thứ 2. Lý thuyết', '2026-01-12 22:16:11'),
(55, 26, '2024-03-11', 2, 3, 2, 'Buổi học thứ 2. Lý thuyết', '2026-01-12 22:16:11'),
(56, 27, '2024-06-14', 11, 2, 2, 'Buổi học thứ 2. Kiểm tra giữa kỳ', '2026-01-12 22:16:11'),
(57, 28, '2024-05-27', 5, 1, 2, 'Buổi học thứ 2. Thực hành lab', '2026-01-12 22:16:11'),
(58, 21, '2024-01-31', 8, 6, 2, 'Buổi học thứ 2. Thực hành lab', '2026-01-12 22:16:11'),
(59, 25, '2024-05-11', 3, 4, 2, 'Buổi học thứ 2. Kiểm tra giữa kỳ', '2026-01-12 22:16:11'),
(60, 30, '2024-03-12', 3, 8, 2, 'Buổi học thứ 2. Thực hành lab', '2026-01-12 22:16:11'),
(61, 1, '2024-04-01', 11, 6, 2, 'Buổi học thứ 3. Kiểm tra giữa kỳ', '2026-01-12 22:16:11'),
(62, 9, '2024-06-19', 8, 6, 2, 'Buổi học thứ 3. Lý thuyết', '2026-01-12 22:16:11'),
(63, 2, '2024-05-18', 10, 3, 2, 'Buổi học thứ 3. Lý thuyết', '2026-01-12 22:16:11'),
(64, 3, '2024-02-07', 10, 5, 2, 'Buổi học thứ 3. Kiểm tra giữa kỳ', '2026-01-12 22:16:11'),
(65, 10, '2024-03-10', 5, 5, 2, 'Buổi học thứ 3. Lý thuyết', '2026-01-12 22:16:11'),
(66, 4, '2024-01-30', 5, 1, 2, 'Buổi học thứ 3. Lý thuyết', '2026-01-12 22:16:11'),
(67, 8, '2024-05-12', 5, 1, 2, 'Buổi học thứ 3. Kiểm tra giữa kỳ', '2026-01-12 22:16:11'),
(68, 5, '2024-03-24', 5, 4, 2, 'Buổi học thứ 3. Lý thuyết', '2026-01-12 22:16:11'),
(69, 12, '2024-02-11', 3, 8, 2, 'Buổi học thứ 3. Kiểm tra giữa kỳ', '2026-01-12 22:16:11'),
(70, 15, '2024-02-11', 4, 3, 2, 'Buổi học thứ 3. Lý thuyết', '2026-01-12 22:16:11'),
(71, 19, '2024-01-29', 6, 2, 2, 'Buổi học thứ 3. Lý thuyết', '2026-01-12 22:16:11'),
(72, 6, '2024-01-21', 6, 7, 2, 'Buổi học thứ 3. Thực hành lab', '2026-01-12 22:16:11'),
(73, 11, '2024-01-21', 12, 9, 2, 'Buổi học thứ 3. Thực hành lab', '2026-01-12 22:16:11'),
(74, 13, '2024-04-07', 11, 1, 2, 'Buổi học thứ 3. Kiểm tra giữa kỳ', '2026-01-12 22:16:11'),
(75, 16, '2024-02-21', 8, 5, 2, 'Buổi học thứ 3. Lý thuyết', '2026-01-12 22:16:11'),
(76, 7, '2024-05-28', 10, 6, 2, 'Buổi học thứ 3. Thực hành lab', '2026-01-12 22:16:11'),
(77, 14, '2024-03-17', 7, 7, 2, 'Buổi học thứ 3. Kiểm tra giữa kỳ', '2026-01-12 22:16:11'),
(78, 17, '2024-06-08', 3, 1, 2, 'Buổi học thứ 3. Lý thuyết', '2026-01-12 22:16:11'),
(79, 18, '2024-03-15', 8, 8, 2, 'Buổi học thứ 3. Lý thuyết', '2026-01-12 22:16:11'),
(80, 20, '2024-03-20', 9, 2, 2, 'Buổi học thứ 3. Thực hành lab', '2026-01-12 22:16:11'),
(81, 23, '2024-04-12', 6, 9, 2, 'Buổi học thứ 3. Lý thuyết', '2026-01-12 22:16:11'),
(82, 29, '2024-04-06', 8, 1, 2, 'Buổi học thứ 3. Thực hành lab', '2026-01-12 22:16:11'),
(83, 22, '2024-04-03', 9, 3, 2, 'Buổi học thứ 3. Thực hành lab', '2026-01-12 22:16:11'),
(84, 24, '2024-06-25', 12, 1, 2, 'Buổi học thứ 3. Thực hành lab', '2026-01-12 22:16:11'),
(85, 26, '2024-01-31', 2, 3, 2, 'Buổi học thứ 3. Thực hành lab', '2026-01-12 22:16:11'),
(86, 27, '2024-05-02', 11, 2, 2, 'Buổi học thứ 3. Lý thuyết', '2026-01-12 22:16:11'),
(87, 28, '2024-01-07', 5, 1, 2, 'Buổi học thứ 3. Lý thuyết', '2026-01-12 22:16:11'),
(88, 21, '2024-06-06', 8, 6, 2, 'Buổi học thứ 3. Kiểm tra giữa kỳ', '2026-01-12 22:16:11'),
(89, 25, '2024-04-07', 3, 4, 2, 'Buổi học thứ 3. Thực hành lab', '2026-01-12 22:16:11'),
(90, 30, '2024-02-26', 3, 8, 2, 'Buổi học thứ 3. Kiểm tra giữa kỳ', '2026-01-12 22:16:11'),
(91, 1, '2024-04-18', 11, 6, 2, 'Buổi học thứ 4. Thực hành lab', '2026-01-12 22:16:11'),
(92, 9, '2024-03-07', 8, 6, 2, 'Buổi học thứ 4. Kiểm tra giữa kỳ', '2026-01-12 22:16:11'),
(93, 2, '2024-04-17', 10, 3, 2, 'Buổi học thứ 4. Thực hành lab', '2026-01-12 22:16:11'),
(94, 3, '2024-03-12', 10, 5, 2, 'Buổi học thứ 4. Kiểm tra giữa kỳ', '2026-01-12 22:16:11'),
(95, 10, '2024-01-05', 5, 5, 2, 'Buổi học thứ 4. Lý thuyết', '2026-01-12 22:16:11'),
(96, 4, '2024-03-05', 5, 1, 2, 'Buổi học thứ 4. Lý thuyết', '2026-01-12 22:16:11'),
(97, 8, '2024-02-16', 5, 1, 2, 'Buổi học thứ 4. Kiểm tra giữa kỳ', '2026-01-12 22:16:11'),
(98, 5, '2024-05-04', 5, 4, 2, 'Buổi học thứ 4. Kiểm tra giữa kỳ', '2026-01-12 22:16:11'),
(99, 12, '2024-03-23', 3, 8, 2, 'Buổi học thứ 4. Lý thuyết', '2026-01-12 22:16:11'),
(100, 15, '2024-06-05', 4, 3, 2, 'Buổi học thứ 4. Lý thuyết', '2026-01-12 22:16:11'),
(101, 19, '2024-01-10', 6, 2, 2, 'Buổi học thứ 4. Thực hành lab', '2026-01-12 22:16:11'),
(102, 6, '2024-02-15', 6, 7, 2, 'Buổi học thứ 4. Thực hành lab', '2026-01-12 22:16:11'),
(103, 11, '2024-06-01', 12, 9, 2, 'Buổi học thứ 4. Thực hành lab', '2026-01-12 22:16:11'),
(104, 13, '2024-01-30', 11, 1, 2, 'Buổi học thứ 4. Kiểm tra giữa kỳ', '2026-01-12 22:16:11'),
(105, 16, '2024-05-02', 8, 5, 2, 'Buổi học thứ 4. Kiểm tra giữa kỳ', '2026-01-12 22:16:11'),
(106, 7, '2024-01-24', 10, 6, 2, 'Buổi học thứ 4. Kiểm tra giữa kỳ', '2026-01-12 22:16:11'),
(107, 14, '2024-02-17', 7, 7, 2, 'Buổi học thứ 4. Kiểm tra giữa kỳ', '2026-01-12 22:16:11'),
(108, 17, '2024-04-22', 3, 1, 2, 'Buổi học thứ 4. Thực hành lab', '2026-01-12 22:16:11'),
(109, 18, '2024-04-05', 8, 8, 2, 'Buổi học thứ 4. Kiểm tra giữa kỳ', '2026-01-12 22:16:11'),
(110, 20, '2024-06-10', 9, 2, 2, 'Buổi học thứ 4. Kiểm tra giữa kỳ', '2026-01-12 22:16:11'),
(111, 23, '2024-02-17', 6, 9, 2, 'Buổi học thứ 4. Kiểm tra giữa kỳ', '2026-01-12 22:16:11'),
(112, 29, '2024-01-09', 8, 1, 2, 'Buổi học thứ 4. Thực hành lab', '2026-01-12 22:16:11'),
(113, 22, '2024-01-12', 9, 3, 2, 'Buổi học thứ 4. Thực hành lab', '2026-01-12 22:16:11'),
(114, 24, '2024-04-23', 12, 1, 2, 'Buổi học thứ 4. Kiểm tra giữa kỳ', '2026-01-12 22:16:11'),
(115, 26, '2024-06-14', 2, 3, 2, 'Buổi học thứ 4. Thực hành lab', '2026-01-12 22:16:11'),
(116, 27, '2024-02-29', 11, 2, 2, 'Buổi học thứ 4. Thực hành lab', '2026-01-12 22:16:11'),
(117, 28, '2024-05-30', 5, 1, 2, 'Buổi học thứ 4. Kiểm tra giữa kỳ', '2026-01-12 22:16:11'),
(118, 21, '2024-03-19', 8, 6, 2, 'Buổi học thứ 4. Kiểm tra giữa kỳ', '2026-01-12 22:16:11'),
(119, 25, '2024-03-04', 3, 4, 2, 'Buổi học thứ 4. Thực hành lab', '2026-01-12 22:16:11'),
(120, 30, '2024-06-25', 3, 8, 2, 'Buổi học thứ 4. Lý thuyết', '2026-01-12 22:16:11'),
(121, 1, '2024-02-07', 11, 6, 2, 'Buổi học thứ 5. Thực hành lab', '2026-01-12 22:16:11'),
(122, 9, '2024-06-16', 8, 6, 2, 'Buổi học thứ 5. Kiểm tra giữa kỳ', '2026-01-12 22:16:11'),
(123, 2, '2024-01-17', 10, 3, 2, 'Buổi học thứ 5. Lý thuyết', '2026-01-12 22:16:11'),
(124, 3, '2024-06-24', 10, 5, 2, 'Buổi học thứ 5. Thực hành lab', '2026-01-12 22:16:11'),
(125, 10, '2024-04-30', 5, 5, 2, 'Buổi học thứ 5. Lý thuyết', '2026-01-12 22:16:11'),
(126, 4, '2024-03-07', 5, 1, 2, 'Buổi học thứ 5. Kiểm tra giữa kỳ', '2026-01-12 22:16:11'),
(127, 8, '2024-01-07', 5, 1, 2, 'Buổi học thứ 5. Thực hành lab', '2026-01-12 22:16:11'),
(128, 5, '2024-06-24', 5, 4, 2, 'Buổi học thứ 5. Kiểm tra giữa kỳ', '2026-01-12 22:16:11'),
(129, 12, '2024-02-21', 3, 8, 2, 'Buổi học thứ 5. Kiểm tra giữa kỳ', '2026-01-12 22:16:11'),
(130, 15, '2024-05-18', 4, 3, 2, 'Buổi học thứ 5. Thực hành lab', '2026-01-12 22:16:11'),
(131, 19, '2024-06-04', 6, 2, 2, 'Buổi học thứ 5. Thực hành lab', '2026-01-12 22:16:11'),
(132, 6, '2024-04-16', 6, 7, 2, 'Buổi học thứ 5. Kiểm tra giữa kỳ', '2026-01-12 22:16:11'),
(133, 11, '2024-02-19', 12, 9, 2, 'Buổi học thứ 5. Lý thuyết', '2026-01-12 22:16:11'),
(134, 13, '2024-06-07', 11, 1, 2, 'Buổi học thứ 5. Thực hành lab', '2026-01-12 22:16:11'),
(135, 16, '2024-03-02', 8, 5, 2, 'Buổi học thứ 5. Thực hành lab', '2026-01-12 22:16:11'),
(136, 7, '2024-06-06', 10, 6, 2, 'Buổi học thứ 5. Kiểm tra giữa kỳ', '2026-01-12 22:16:11'),
(137, 14, '2024-03-31', 7, 7, 2, 'Buổi học thứ 5. Kiểm tra giữa kỳ', '2026-01-12 22:16:11'),
(138, 17, '2024-04-22', 3, 1, 2, 'Buổi học thứ 5. Lý thuyết', '2026-01-12 22:16:11'),
(139, 18, '2024-04-07', 8, 8, 2, 'Buổi học thứ 5. Thực hành lab', '2026-01-12 22:16:11'),
(140, 20, '2024-02-14', 9, 2, 2, 'Buổi học thứ 5. Kiểm tra giữa kỳ', '2026-01-12 22:16:11'),
(141, 23, '2024-01-18', 6, 9, 2, 'Buổi học thứ 5. Kiểm tra giữa kỳ', '2026-01-12 22:16:11'),
(142, 29, '2024-02-11', 8, 1, 2, 'Buổi học thứ 5. Thực hành lab', '2026-01-12 22:16:11'),
(143, 22, '2024-05-06', 9, 3, 2, 'Buổi học thứ 5. Lý thuyết', '2026-01-12 22:16:11'),
(144, 24, '2024-04-07', 12, 1, 2, 'Buổi học thứ 5. Thực hành lab', '2026-01-12 22:16:11'),
(145, 26, '2024-06-20', 2, 3, 2, 'Buổi học thứ 5. Kiểm tra giữa kỳ', '2026-01-12 22:16:11'),
(146, 27, '2024-05-18', 11, 2, 2, 'Buổi học thứ 5. Thực hành lab', '2026-01-12 22:16:11'),
(147, 28, '2024-04-02', 5, 1, 2, 'Buổi học thứ 5. Thực hành lab', '2026-01-12 22:16:11'),
(148, 21, '2024-04-01', 8, 6, 2, 'Buổi học thứ 5. Lý thuyết', '2026-01-12 22:16:11'),
(149, 25, '2024-05-28', 3, 4, 2, 'Buổi học thứ 5. Lý thuyết', '2026-01-12 22:16:11'),
(150, 30, '2024-01-13', 3, 8, 2, 'Buổi học thứ 5. Thực hành lab', '2026-01-12 22:16:11');

-- --------------------------------------------------------

--
-- Table structure for table `class_schedule`
--

CREATE TABLE `class_schedule` (
  `class_schedule_id` bigint(20) NOT NULL,
  `class_section_id` bigint(20) NOT NULL,
  `day_of_week` tinyint(4) NOT NULL,
  `time_slot_id` bigint(20) NOT NULL,
  `room_id` bigint(20) DEFAULT NULL,
  `campus_id` bigint(20) DEFAULT NULL,
  `class_schedule_status_id` bigint(20) NOT NULL,
  `created_at` datetime NOT NULL DEFAULT current_timestamp()
) ENGINE=InnoDB DEFAULT CHARSET=utf8mb4 COLLATE=utf8mb4_unicode_ci;

--
-- Dumping data for table `class_schedule`
--

INSERT INTO `class_schedule` (`class_schedule_id`, `class_section_id`, `day_of_week`, `time_slot_id`, `room_id`, `campus_id`, `class_schedule_status_id`, `created_at`) VALUES
(1, 1, 2, 11, 6, 1, 1, '2026-01-12 22:16:11'),
(2, 9, 2, 8, 6, 2, 1, '2026-01-12 22:16:11'),
(3, 2, 2, 10, 3, 2, 1, '2026-01-12 22:16:11'),
(4, 3, 2, 10, 5, 1, 1, '2026-01-12 22:16:11'),
(5, 10, 2, 5, 5, 2, 1, '2026-01-12 22:16:11'),
(6, 4, 2, 5, 1, 1, 1, '2026-01-12 22:16:11'),
(7, 8, 2, 5, 1, 3, 1, '2026-01-12 22:16:11'),
(8, 5, 2, 5, 4, 3, 1, '2026-01-12 22:16:11'),
(9, 12, 3, 3, 8, 3, 1, '2026-01-12 22:16:11'),
(10, 15, 3, 4, 3, 2, 1, '2026-01-12 22:16:11'),
(11, 19, 3, 6, 2, 1, 1, '2026-01-12 22:16:11'),
(12, 6, 2, 6, 7, 2, 1, '2026-01-12 22:16:11'),
(13, 11, 3, 12, 9, 2, 1, '2026-01-12 22:16:11'),
(14, 13, 3, 11, 1, 3, 1, '2026-01-12 22:16:11'),
(15, 16, 3, 8, 5, 3, 1, '2026-01-12 22:16:11'),
(16, 7, 2, 10, 6, 2, 1, '2026-01-12 22:16:11'),
(17, 14, 3, 7, 7, 2, 1, '2026-01-12 22:16:11'),
(18, 17, 3, 3, 1, 1, 1, '2026-01-12 22:16:11'),
(19, 18, 3, 8, 8, 1, 1, '2026-01-12 22:16:11'),
(20, 20, 3, 9, 2, 1, 1, '2026-01-12 22:16:11'),
(21, 23, 4, 6, 9, 1, 1, '2026-01-12 22:16:11'),
(22, 29, 4, 8, 1, 2, 1, '2026-01-12 22:16:11'),
(23, 22, 4, 9, 3, 1, 1, '2026-01-12 22:16:11'),
(24, 24, 4, 12, 1, 1, 1, '2026-01-12 22:16:11'),
(25, 26, 4, 2, 3, 1, 1, '2026-01-12 22:16:11'),
(26, 27, 4, 11, 2, 3, 1, '2026-01-12 22:16:11'),
(27, 28, 4, 5, 1, 1, 1, '2026-01-12 22:16:11'),
(28, 21, 4, 8, 6, 1, 1, '2026-01-12 22:16:11'),
(29, 25, 4, 3, 4, 3, 1, '2026-01-12 22:16:11'),
(30, 30, 4, 3, 8, 1, 1, '2026-01-12 22:16:11'),
(31, 31, 5, 11, 5, 1, 1, '2026-01-12 22:16:11'),
(32, 33, 5, 4, 4, 2, 1, '2026-01-12 22:16:11'),
(33, 34, 5, 6, 1, 2, 1, '2026-01-12 22:16:11'),
(34, 37, 5, 3, 1, 3, 1, '2026-01-12 22:16:11'),
(35, 39, 5, 3, 9, 3, 1, '2026-01-12 22:16:11'),
(36, 41, 6, 12, 9, 3, 1, '2026-01-12 22:16:11'),
(37, 45, 6, 4, 3, 1, 1, '2026-01-12 22:16:11'),
(38, 46, 6, 7, 4, 1, 1, '2026-01-12 22:16:11'),
(39, 36, 5, 2, 7, 2, 1, '2026-01-12 22:16:11'),
(40, 43, 6, 2, 9, 1, 1, '2026-01-12 22:16:11'),
(41, 35, 5, 4, 9, 3, 1, '2026-01-12 22:16:11'),
(42, 42, 6, 4, 5, 3, 1, '2026-01-12 22:16:11'),
(43, 44, 6, 9, 8, 3, 1, '2026-01-12 22:16:11'),
(44, 32, 5, 12, 9, 3, 1, '2026-01-12 22:16:11'),
(45, 40, 5, 9, 9, 2, 1, '2026-01-12 22:16:11'),
(46, 47, 6, 12, 2, 1, 1, '2026-01-12 22:16:11'),
(47, 38, 5, 8, 5, 2, 1, '2026-01-12 22:16:11');

-- --------------------------------------------------------

--
-- Table structure for table `class_schedule_status`
--

CREATE TABLE `class_schedule_status` (
  `status_id` bigint(20) NOT NULL,
  `code` varchar(50) NOT NULL,
  `name` varchar(100) NOT NULL
) ENGINE=InnoDB DEFAULT CHARSET=utf8mb4 COLLATE=utf8mb4_unicode_ci;

--
-- Dumping data for table `class_schedule_status`
--

INSERT INTO `class_schedule_status` (`status_id`, `code`, `name`) VALUES
(1, 'ACTIVE', 'Hoạt động'),
(2, 'CANCELLED', 'Đã hủy');

-- --------------------------------------------------------

--
-- Table structure for table `class_section`
--

CREATE TABLE `class_section` (
  `class_section_id` bigint(20) NOT NULL,
  `class_code` varchar(50) NOT NULL,
  `course_version_id` bigint(20) NOT NULL,
  `semester_id` bigint(20) NOT NULL,
  `lecturer_id` bigint(20) NOT NULL,
  `class_section_status_id` bigint(20) NOT NULL,
  `created_at` datetime NOT NULL DEFAULT current_timestamp(),
  `updated_at` datetime DEFAULT NULL
) ENGINE=InnoDB DEFAULT CHARSET=utf8mb4 COLLATE=utf8mb4_unicode_ci;

--
-- Dumping data for table `class_section`
--

INSERT INTO `class_section` (`class_section_id`, `class_code`, `course_version_id`, `semester_id`, `lecturer_id`, `class_section_status_id`, `created_at`, `updated_at`) VALUES
(1, 'CS101_2023_HK2', 1, 4, 2, 1, '2026-01-12 22:16:11', NULL),
(2, 'CS102_2023_HK2', 2, 4, 3, 1, '2026-01-12 22:16:11', NULL),
(3, 'CS201_2023_HK2', 3, 4, 4, 1, '2026-01-12 22:16:11', NULL),
(4, 'CS202_2023_HK2', 4, 4, 2, 1, '2026-01-12 22:16:11', NULL),
(5, 'CS301_2023_HK2', 5, 4, 3, 1, '2026-01-12 22:16:11', NULL),
(6, 'SE101_2023_HK2', 7, 4, 5, 1, '2026-01-12 22:16:11', NULL),
(7, 'IT101_2023_HK2', 9, 4, 6, 1, '2026-01-12 22:16:11', NULL),
(8, 'CS202_HK1-2024_08', 4, 5, 5, 1, '2025-05-19 22:16:11', NULL),
(9, 'CS101_HK2-2023_09', 1, 4, 6, 1, '2026-01-08 22:16:11', NULL),
(10, 'CS201_HK1-2023_10', 3, 3, 2, 1, '2025-12-07 22:16:11', NULL),
(11, 'SE101_HK1-2024_11', 7, 5, 3, 1, '2025-07-28 22:16:11', NULL),
(12, 'CS302_HK2-2023_12', 6, 4, 4, 1, '2026-01-11 22:16:11', NULL),
(13, 'SE101_HK1-2023_13', 7, 3, 5, 1, '2025-05-23 22:16:11', NULL),
(14, 'IT101_HK1-2024_14', 9, 5, 6, 1, '2025-10-31 22:16:11', NULL),
(15, 'CS302_HK2-2023_15', 6, 4, 2, 1, '2025-12-17 22:16:11', NULL),
(16, 'SE201_HK1-2023_16', 8, 3, 3, 1, '2025-04-11 22:16:11', NULL),
(17, 'IT201_HK1-2024_17', 10, 5, 4, 1, '2025-06-20 22:16:11', NULL),
(18, 'IT201_HK2-2023_18', 10, 4, 5, 1, '2025-06-20 22:16:11', NULL),
(19, 'CS302_HK1-2023_19', 6, 3, 6, 1, '2025-11-25 22:16:11', NULL),
(20, 'IT201_HK1-2024_20', 10, 5, 2, 1, '2025-01-25 22:16:11', NULL),
(21, 'IT214_HK2-2023_21', 14, 4, 3, 1, '2025-08-07 22:16:11', NULL),
(22, 'CS212_HK1-2023_22', 12, 3, 4, 1, '2025-10-06 22:16:11', NULL),
(23, 'EE211_HK1-2024_23', 11, 5, 5, 1, '2025-12-28 22:16:11', NULL),
(24, 'CS212_HK2-2023_24', 12, 4, 6, 1, '2025-08-16 22:16:11', NULL),
(25, 'EE215_HK1-2023_25', 15, 3, 2, 1, '2025-02-12 22:16:11', NULL),
(26, 'CS212_HK1-2024_26', 12, 5, 3, 1, '2025-09-05 22:16:11', NULL),
(27, 'SE213_HK2-2023_27', 13, 4, 4, 1, '2026-01-02 22:16:11', NULL),
(28, 'SE213_HK1-2023_28', 13, 3, 5, 1, '2025-12-15 22:16:11', NULL),
(29, 'EE211_HK1-2024_29', 11, 5, 6, 1, '2025-09-25 22:16:11', NULL),
(30, 'EE215_HK2-2023_30', 15, 4, 2, 1, '2025-10-07 22:16:11', NULL),
(31, 'CS216_HK1-2023_31', 16, 3, 3, 1, '2025-08-08 22:16:11', NULL),
(32, 'EE219_HK1-2024_32', 19, 5, 4, 1, '2025-09-03 22:16:11', NULL),
(33, 'CS216_HK2-2023_33', 16, 4, 5, 1, '2025-07-11 22:16:11', NULL),
(34, 'CS216_HK1-2023_34', 16, 3, 6, 1, '2025-07-30 22:16:11', NULL),
(35, 'IT218_HK1-2024_35', 18, 5, 2, 1, '2025-04-12 22:16:11', NULL),
(36, 'SE217_HK2-2023_36', 17, 4, 3, 1, '2025-08-16 22:16:11', NULL),
(37, 'CS216_HK1-2023_37', 16, 3, 4, 1, '2025-04-02 22:16:11', NULL),
(38, 'CS220_HK1-2024_38', 20, 5, 5, 1, '2025-05-10 22:16:11', NULL),
(39, 'CS216_HK2-2023_39', 16, 4, 6, 1, '2025-12-25 22:16:11', NULL),
(40, 'EE219_HK1-2023_40', 19, 3, 2, 1, '2025-10-26 22:16:11', NULL),
(41, 'CS216_HK1-2024_41', 16, 5, 3, 1, '2025-02-09 22:16:11', NULL),
(42, 'IT218_HK2-2023_42', 18, 4, 4, 1, '2025-01-21 22:16:11', NULL),
(43, 'SE217_HK1-2023_43', 17, 3, 5, 1, '2025-12-02 22:16:11', NULL),
(44, 'IT218_HK1-2024_44', 18, 5, 6, 1, '2025-05-24 22:16:11', NULL),
(45, 'CS216_HK2-2023_45', 16, 4, 2, 1, '2025-03-06 22:16:11', NULL),
(46, 'CS216_HK1-2023_46', 16, 3, 3, 1, '2025-09-05 22:16:11', NULL),
(47, 'EE219_HK1-2024_47', 19, 5, 4, 1, '2025-10-27 22:16:11', NULL);

-- --------------------------------------------------------

--
-- Table structure for table `class_section_status`
--

CREATE TABLE `class_section_status` (
  `status_id` bigint(20) NOT NULL,
  `code` varchar(50) NOT NULL,
  `name` varchar(100) NOT NULL
) ENGINE=InnoDB DEFAULT CHARSET=utf8mb4 COLLATE=utf8mb4_unicode_ci;

--
-- Dumping data for table `class_section_status`
--

INSERT INTO `class_section_status` (`status_id`, `code`, `name`) VALUES
(1, 'ONGOING', 'Đang học'),
(2, 'COMPLETED', 'Đã hoàn thành'),
(3, 'CANCELLED', 'Đã hủy');

-- --------------------------------------------------------

--
-- Table structure for table `course`
--

CREATE TABLE `course` (
  `course_id` bigint(20) NOT NULL,
  `course_code` varchar(50) NOT NULL,
  `course_name` varchar(150) NOT NULL,
  `course_status_id` bigint(20) NOT NULL,
  `created_at` datetime NOT NULL DEFAULT current_timestamp(),
  `updated_at` datetime DEFAULT NULL
) ENGINE=InnoDB DEFAULT CHARSET=utf8mb4 COLLATE=utf8mb4_unicode_ci;

--
-- Dumping data for table `course`
--

INSERT INTO `course` (`course_id`, `course_code`, `course_name`, `course_status_id`, `created_at`, `updated_at`) VALUES
(1, 'CS101', 'Nhập môn Lập trình', 1, '2026-01-12 22:16:11', NULL),
(2, 'CS102', 'Cấu trúc Dữ liệu', 1, '2026-01-12 22:16:11', NULL),
(3, 'CS201', 'Lập trình Hướng đối tượng', 1, '2026-01-12 22:16:11', NULL),
(4, 'CS202', 'Cơ sở Dữ liệu', 1, '2026-01-12 22:16:11', NULL),
(5, 'CS301', 'Mạng Máy tính', 1, '2026-01-12 22:16:11', NULL),
(6, 'CS302', 'Hệ điều hành', 1, '2026-01-12 22:16:11', NULL),
(7, 'SE101', 'Kỹ thuật Phần mềm', 1, '2026-01-12 22:16:11', NULL),
(8, 'SE201', 'Phát triển Web', 1, '2026-01-12 22:16:11', NULL),
(9, 'IT101', 'Tin học Cơ bản', 1, '2026-01-12 22:16:11', NULL),
(10, 'IT201', 'Mạng Máy tính Cơ bản', 1, '2026-01-12 22:16:11', NULL),
(11, 'EE211', 'Môn học Chuyên ngành 11', 1, '2025-11-25 22:16:11', NULL),
(12, 'CS212', 'Môn học Chuyên ngành 12', 1, '2025-02-16 22:16:11', NULL),
(13, 'SE213', 'Môn học Chuyên ngành 13', 1, '2025-11-27 22:16:11', NULL),
(14, 'IT214', 'Môn học Chuyên ngành 14', 1, '2025-02-10 22:16:11', NULL),
(15, 'EE215', 'Môn học Chuyên ngành 15', 1, '2025-10-23 22:16:11', NULL),
(16, 'CS216', 'Môn học Chuyên ngành 16', 1, '2025-09-07 22:16:11', NULL),
(17, 'SE217', 'Môn học Chuyên ngành 17', 1, '2025-12-12 22:16:11', NULL),
(18, 'IT218', 'Môn học Chuyên ngành 18', 1, '2025-08-29 22:16:11', NULL),
(19, 'EE219', 'Môn học Chuyên ngành 19', 1, '2025-06-02 22:16:11', NULL),
(20, 'CS220', 'Môn học Chuyên ngành 20', 1, '2025-01-28 22:16:11', NULL),
(21, 'SE221', 'Môn học Chuyên ngành 21', 1, '2025-02-05 22:16:11', NULL),
(22, 'IT222', 'Môn học Chuyên ngành 22', 1, '2025-03-25 22:16:11', NULL),
(23, 'EE223', 'Môn học Chuyên ngành 23', 1, '2025-10-24 22:16:11', NULL),
(24, 'CS224', 'Môn học Chuyên ngành 24', 1, '2025-05-08 22:16:11', NULL),
(25, 'SE225', 'Môn học Chuyên ngành 25', 1, '2025-04-09 22:16:11', NULL),
(26, 'IT226', 'Môn học Chuyên ngành 26', 1, '2025-04-09 22:16:11', NULL),
(27, 'EE227', 'Môn học Chuyên ngành 27', 1, '2025-07-06 22:16:11', NULL),
(28, 'CS228', 'Môn học Chuyên ngành 28', 1, '2025-09-16 22:16:11', NULL),
(29, 'SE229', 'Môn học Chuyên ngành 29', 1, '2025-12-25 22:16:11', NULL),
(30, 'IT230', 'Môn học Chuyên ngành 30', 1, '2025-09-29 22:16:11', NULL),
(31, 'EE231', 'Môn học Chuyên ngành 31', 1, '2025-09-29 22:16:11', NULL),
(32, 'CS232', 'Môn học Chuyên ngành 32', 1, '2025-06-15 22:16:11', NULL),
(33, 'SE233', 'Môn học Chuyên ngành 33', 1, '2026-01-01 22:16:11', NULL),
(34, 'IT234', 'Môn học Chuyên ngành 34', 1, '2025-08-14 22:16:11', NULL),
(35, 'EE235', 'Môn học Chuyên ngành 35', 1, '2025-01-20 22:16:11', NULL),
(36, 'CS236', 'Môn học Chuyên ngành 36', 1, '2025-05-17 22:16:11', NULL),
(37, 'SE237', 'Môn học Chuyên ngành 37', 1, '2025-09-04 22:16:11', NULL),
(38, 'IT238', 'Môn học Chuyên ngành 38', 1, '2025-03-23 22:16:11', NULL),
(39, 'EE239', 'Môn học Chuyên ngành 39', 1, '2025-01-23 22:16:11', NULL),
(40, 'CS240', 'Môn học Chuyên ngành 40', 1, '2025-08-09 22:16:11', NULL),
(41, 'SE241', 'Môn học Chuyên ngành 41', 1, '2025-10-21 22:16:11', NULL),
(42, 'IT242', 'Môn học Chuyên ngành 42', 1, '2025-03-05 22:16:11', NULL),
(43, 'EE243', 'Môn học Chuyên ngành 43', 1, '2025-06-04 22:16:11', NULL),
(44, 'CS244', 'Môn học Chuyên ngành 44', 1, '2025-07-25 22:16:11', NULL),
(45, 'SE245', 'Môn học Chuyên ngành 45', 1, '2025-07-04 22:16:11', NULL),
(46, 'IT246', 'Môn học Chuyên ngành 46', 1, '2025-10-25 22:16:11', NULL),
(47, 'EE247', 'Môn học Chuyên ngành 47', 1, '2025-07-09 22:16:11', NULL),
(48, 'CS248', 'Môn học Chuyên ngành 48', 1, '2025-02-12 22:16:11', NULL),
(49, 'SE249', 'Môn học Chuyên ngành 49', 1, '2025-12-28 22:16:11', NULL),
(50, 'IT250', 'Môn học Chuyên ngành 50', 1, '2025-07-29 22:16:11', NULL);

-- --------------------------------------------------------

--
-- Table structure for table `course_status`
--

CREATE TABLE `course_status` (
  `course_status_id` bigint(20) NOT NULL,
  `code` varchar(50) NOT NULL,
  `name` varchar(100) NOT NULL
) ENGINE=InnoDB DEFAULT CHARSET=utf8mb4 COLLATE=utf8mb4_unicode_ci;

--
-- Dumping data for table `course_status`
--

INSERT INTO `course_status` (`course_status_id`, `code`, `name`) VALUES
(1, 'ACTIVE', 'Đang mở'),
(2, 'INACTIVE', 'Đóng');

-- --------------------------------------------------------

--
-- Table structure for table `course_version`
--

CREATE TABLE `course_version` (
  `course_version_id` bigint(20) NOT NULL,
  `course_id` bigint(20) NOT NULL,
  `version_no` int(11) NOT NULL,
  `credit` int(11) NOT NULL,
  `syllabus` text DEFAULT NULL,
  `effective_from` date NOT NULL,
  `effective_to` date DEFAULT NULL,
  `status_id` bigint(20) NOT NULL,
  `created_at` datetime NOT NULL DEFAULT current_timestamp()
) ENGINE=InnoDB DEFAULT CHARSET=utf8mb4 COLLATE=utf8mb4_unicode_ci;

--
-- Dumping data for table `course_version`
--

INSERT INTO `course_version` (`course_version_id`, `course_id`, `version_no`, `credit`, `syllabus`, `effective_from`, `effective_to`, `status_id`, `created_at`) VALUES
(1, 1, 1, 2, 'Giáo trình môn Nhập môn Lập trình. Nội dung bao gồm lý thuyết và thực hành.', '2025-07-30', NULL, 1, '2025-04-03 22:16:11'),
(2, 2, 1, 3, 'Giáo trình môn Cấu trúc Dữ liệu. Nội dung bao gồm lý thuyết và thực hành.', '2025-09-26', NULL, 1, '2025-02-17 22:16:11'),
(3, 3, 1, 3, 'Giáo trình môn Lập trình Hướng đối tượng. Nội dung bao gồm lý thuyết và thực hành.', '2025-08-17', NULL, 1, '2025-11-12 22:16:11'),
(4, 4, 1, 3, 'Giáo trình môn Cơ sở Dữ liệu. Nội dung bao gồm lý thuyết và thực hành.', '2025-06-16', NULL, 1, '2025-12-31 22:16:11'),
(5, 5, 1, 3, 'Giáo trình môn Mạng Máy tính. Nội dung bao gồm lý thuyết và thực hành.', '2025-12-03', NULL, 1, '2025-10-20 22:16:11'),
(6, 6, 1, 4, 'Giáo trình môn Hệ điều hành. Nội dung bao gồm lý thuyết và thực hành.', '2025-08-16', NULL, 1, '2025-06-11 22:16:11'),
(7, 7, 1, 4, 'Giáo trình môn Kỹ thuật Phần mềm. Nội dung bao gồm lý thuyết và thực hành.', '2025-03-09', NULL, 1, '2025-12-21 22:16:11'),
(8, 8, 1, 4, 'Giáo trình môn Phát triển Web. Nội dung bao gồm lý thuyết và thực hành.', '2025-05-23', NULL, 1, '2025-02-13 22:16:11'),
(9, 9, 1, 3, 'Giáo trình môn Tin học Cơ bản. Nội dung bao gồm lý thuyết và thực hành.', '2025-07-15', NULL, 1, '2025-06-27 22:16:11'),
(10, 10, 1, 2, 'Giáo trình môn Mạng Máy tính Cơ bản. Nội dung bao gồm lý thuyết và thực hành.', '2025-06-25', NULL, 1, '2025-12-27 22:16:11'),
(11, 11, 1, 3, 'Giáo trình môn Môn học Chuyên ngành 11. Nội dung bao gồm lý thuyết và thực hành.', '2025-05-04', NULL, 1, '2025-04-03 22:16:11'),
(12, 12, 1, 4, 'Giáo trình môn Môn học Chuyên ngành 12. Nội dung bao gồm lý thuyết và thực hành.', '2025-05-01', NULL, 1, '2025-12-12 22:16:11'),
(13, 13, 1, 2, 'Giáo trình môn Môn học Chuyên ngành 13. Nội dung bao gồm lý thuyết và thực hành.', '2025-08-23', NULL, 1, '2025-01-27 22:16:11'),
(14, 14, 1, 3, 'Giáo trình môn Môn học Chuyên ngành 14. Nội dung bao gồm lý thuyết và thực hành.', '2025-10-13', NULL, 1, '2025-08-27 22:16:11'),
(15, 15, 1, 2, 'Giáo trình môn Môn học Chuyên ngành 15. Nội dung bao gồm lý thuyết và thực hành.', '2025-06-15', NULL, 1, '2025-07-27 22:16:11'),
(16, 16, 1, 3, 'Giáo trình môn Môn học Chuyên ngành 16. Nội dung bao gồm lý thuyết và thực hành.', '2025-06-28', NULL, 1, '2025-01-29 22:16:11'),
(17, 17, 1, 2, 'Giáo trình môn Môn học Chuyên ngành 17. Nội dung bao gồm lý thuyết và thực hành.', '2025-03-11', NULL, 1, '2025-04-01 22:16:11'),
(18, 18, 1, 3, 'Giáo trình môn Môn học Chuyên ngành 18. Nội dung bao gồm lý thuyết và thực hành.', '2025-05-16', NULL, 1, '2025-12-09 22:16:11'),
(19, 19, 1, 3, 'Giáo trình môn Môn học Chuyên ngành 19. Nội dung bao gồm lý thuyết và thực hành.', '2025-11-11', NULL, 1, '2025-08-26 22:16:11'),
(20, 20, 1, 3, 'Giáo trình môn Môn học Chuyên ngành 20. Nội dung bao gồm lý thuyết và thực hành.', '2025-03-21', NULL, 1, '2025-02-17 22:16:11'),
(21, 21, 1, 2, 'Giáo trình môn Môn học Chuyên ngành 21. Nội dung bao gồm lý thuyết và thực hành.', '2025-05-27', NULL, 1, '2025-01-28 22:16:11'),
(22, 22, 1, 4, 'Giáo trình môn Môn học Chuyên ngành 22. Nội dung bao gồm lý thuyết và thực hành.', '2025-06-14', NULL, 1, '2025-10-16 22:16:11'),
(23, 23, 1, 3, 'Giáo trình môn Môn học Chuyên ngành 23. Nội dung bao gồm lý thuyết và thực hành.', '2025-06-15', NULL, 1, '2025-07-10 22:16:11'),
(24, 24, 1, 4, 'Giáo trình môn Môn học Chuyên ngành 24. Nội dung bao gồm lý thuyết và thực hành.', '2025-06-20', NULL, 1, '2025-08-30 22:16:11'),
(25, 25, 1, 2, 'Giáo trình môn Môn học Chuyên ngành 25. Nội dung bao gồm lý thuyết và thực hành.', '2025-05-04', NULL, 1, '2025-01-19 22:16:11'),
(26, 26, 1, 4, 'Giáo trình môn Môn học Chuyên ngành 26. Nội dung bao gồm lý thuyết và thực hành.', '2025-11-01', NULL, 1, '2025-07-12 22:16:11'),
(27, 27, 1, 4, 'Giáo trình môn Môn học Chuyên ngành 27. Nội dung bao gồm lý thuyết và thực hành.', '2025-11-15', NULL, 1, '2025-01-16 22:16:11'),
(28, 28, 1, 3, 'Giáo trình môn Môn học Chuyên ngành 28. Nội dung bao gồm lý thuyết và thực hành.', '2025-08-19', NULL, 1, '2025-06-14 22:16:11'),
(29, 29, 1, 4, 'Giáo trình môn Môn học Chuyên ngành 29. Nội dung bao gồm lý thuyết và thực hành.', '2025-03-25', NULL, 1, '2025-02-23 22:16:11'),
(30, 30, 1, 2, 'Giáo trình môn Môn học Chuyên ngành 30. Nội dung bao gồm lý thuyết và thực hành.', '2025-07-28', NULL, 1, '2025-10-20 22:16:11'),
(32, 1, 2, 3, 'Giáo trình môn Nhập môn Lập trình - Version 2. Cập nhật nội dung mới.', '2026-07-30', NULL, 1, '2026-01-12 22:16:11'),
(33, 2, 2, 4, 'Giáo trình môn Cấu trúc Dữ liệu - Version 2. Cập nhật nội dung mới.', '2026-09-26', NULL, 1, '2026-01-12 22:16:11'),
(34, 3, 2, 4, 'Giáo trình môn Lập trình Hướng đối tượng - Version 2. Cập nhật nội dung mới.', '2026-08-17', NULL, 1, '2026-01-12 22:16:11'),
(35, 4, 2, 4, 'Giáo trình môn Cơ sở Dữ liệu - Version 2. Cập nhật nội dung mới.', '2026-06-16', NULL, 1, '2026-01-12 22:16:11'),
(36, 5, 2, 4, 'Giáo trình môn Mạng Máy tính - Version 2. Cập nhật nội dung mới.', '2026-12-03', NULL, 1, '2026-01-12 22:16:11'),
(37, 6, 2, 5, 'Giáo trình môn Hệ điều hành - Version 2. Cập nhật nội dung mới.', '2026-08-16', NULL, 1, '2026-01-12 22:16:11'),
(38, 7, 2, 5, 'Giáo trình môn Kỹ thuật Phần mềm - Version 2. Cập nhật nội dung mới.', '2026-03-09', NULL, 1, '2026-01-12 22:16:11'),
(39, 8, 2, 5, 'Giáo trình môn Phát triển Web - Version 2. Cập nhật nội dung mới.', '2026-05-23', NULL, 1, '2026-01-12 22:16:11'),
(40, 9, 2, 4, 'Giáo trình môn Tin học Cơ bản - Version 2. Cập nhật nội dung mới.', '2026-07-15', NULL, 1, '2026-01-12 22:16:11'),
(41, 10, 2, 3, 'Giáo trình môn Mạng Máy tính Cơ bản - Version 2. Cập nhật nội dung mới.', '2026-06-25', NULL, 1, '2026-01-12 22:16:11');

-- --------------------------------------------------------

--
-- Table structure for table `course_version_status`
--

CREATE TABLE `course_version_status` (
  `status_id` bigint(20) NOT NULL,
  `code` varchar(50) NOT NULL,
  `name` varchar(100) NOT NULL
) ENGINE=InnoDB DEFAULT CHARSET=utf8mb4 COLLATE=utf8mb4_unicode_ci;

--
-- Dumping data for table `course_version_status`
--

INSERT INTO `course_version_status` (`status_id`, `code`, `name`) VALUES
(1, 'ACTIVE', 'Đang áp dụng'),
(2, 'INACTIVE', 'Không áp dụng');

-- --------------------------------------------------------

--
-- Table structure for table `enrollment`
--

CREATE TABLE `enrollment` (
  `enrollment_id` bigint(20) NOT NULL,
  `student_id` bigint(20) NOT NULL,
  `class_section_id` bigint(20) NOT NULL,
  `enrollment_status_id` bigint(20) NOT NULL,
  `enrolled_at` datetime DEFAULT NULL,
  `created_at` datetime NOT NULL DEFAULT current_timestamp()
) ENGINE=InnoDB DEFAULT CHARSET=utf8mb4 COLLATE=utf8mb4_unicode_ci;

--
-- Dumping data for table `enrollment`
--

INSERT INTO `enrollment` (`enrollment_id`, `student_id`, `class_section_id`, `enrollment_status_id`, `enrolled_at`, `created_at`) VALUES
(1, 7, 2, 2, '2025-12-19 22:16:11', '2026-01-12 22:16:11'),
(2, 7, 5, 2, '2025-12-16 22:16:11', '2026-01-12 22:16:11'),
(3, 7, 8, 2, '2026-01-04 22:16:11', '2026-01-12 22:16:11'),
(4, 7, 11, 2, '2025-12-15 22:16:11', '2026-01-12 22:16:11'),
(5, 7, 14, 2, '2025-12-20 22:16:11', '2026-01-12 22:16:11'),
(6, 7, 17, 1, '2026-01-09 22:16:11', '2026-01-12 22:16:11'),
(7, 7, 20, 2, '2025-12-30 22:16:11', '2026-01-12 22:16:11'),
(8, 8, 1, 2, '2025-12-29 22:16:11', '2026-01-12 22:16:11'),
(9, 8, 4, 2, '2026-01-03 22:16:11', '2026-01-12 22:16:11'),
(10, 8, 7, 2, '2025-12-22 22:16:11', '2026-01-12 22:16:11'),
(11, 8, 10, 2, '2025-12-26 22:16:11', '2026-01-12 22:16:11'),
(12, 8, 13, 2, '2026-01-01 22:16:11', '2026-01-12 22:16:11'),
(13, 8, 16, 2, '2026-01-03 22:16:11', '2026-01-12 22:16:11'),
(14, 8, 19, 2, '2025-12-20 22:16:11', '2026-01-12 22:16:11'),
(15, 9, 3, 2, '2025-12-18 22:16:11', '2026-01-12 22:16:11'),
(16, 9, 6, 2, '2025-12-16 22:16:11', '2026-01-12 22:16:11'),
(17, 9, 9, 2, '2025-12-19 22:16:11', '2026-01-12 22:16:11'),
(18, 9, 12, 2, '2025-12-27 22:16:11', '2026-01-12 22:16:11'),
(19, 9, 15, 2, '2025-12-19 22:16:11', '2026-01-12 22:16:11'),
(20, 9, 18, 2, '2025-12-27 22:16:11', '2026-01-12 22:16:11'),
(21, 10, 2, 2, '2026-01-10 22:16:11', '2026-01-12 22:16:11'),
(22, 10, 5, 2, '2025-12-23 22:16:11', '2026-01-12 22:16:11'),
(23, 10, 8, 2, '2026-01-08 22:16:11', '2026-01-12 22:16:11'),
(24, 10, 11, 2, '2025-12-16 22:16:11', '2026-01-12 22:16:11'),
(25, 10, 14, 2, '2026-01-07 22:16:11', '2026-01-12 22:16:11'),
(26, 10, 17, 2, '2026-01-06 22:16:11', '2026-01-12 22:16:11'),
(27, 10, 20, 2, '2026-01-03 22:16:11', '2026-01-12 22:16:11'),
(28, 11, 1, 2, '2025-12-14 22:16:11', '2026-01-12 22:16:11'),
(29, 11, 4, 1, '2026-01-07 22:16:11', '2026-01-12 22:16:11'),
(30, 11, 7, 2, '2026-01-06 22:16:11', '2026-01-12 22:16:11'),
(31, 11, 10, 2, '2025-12-18 22:16:11', '2026-01-12 22:16:11'),
(32, 11, 13, 2, '2026-01-03 22:16:11', '2026-01-12 22:16:11'),
(33, 11, 16, 2, '2026-01-12 22:16:11', '2026-01-12 22:16:11'),
(34, 11, 19, 2, '2025-12-20 22:16:11', '2026-01-12 22:16:11'),
(35, 12, 3, 2, '2025-12-19 22:16:11', '2026-01-12 22:16:11'),
(36, 12, 6, 2, '2026-01-09 22:16:11', '2026-01-12 22:16:11'),
(37, 12, 9, 2, '2026-01-05 22:16:11', '2026-01-12 22:16:11'),
(38, 12, 12, 2, '2025-12-23 22:16:11', '2026-01-12 22:16:11'),
(39, 12, 15, 2, '2025-12-19 22:16:11', '2026-01-12 22:16:11'),
(40, 12, 18, 2, '2025-12-26 22:16:11', '2026-01-12 22:16:11'),
(41, 13, 2, 2, '2026-01-01 22:16:11', '2026-01-12 22:16:11'),
(42, 13, 5, 1, '2026-01-12 22:16:11', '2026-01-12 22:16:11'),
(43, 13, 8, 1, '2026-01-11 22:16:11', '2026-01-12 22:16:11'),
(44, 13, 11, 2, '2026-01-12 22:16:11', '2026-01-12 22:16:11'),
(45, 13, 14, 2, '2025-12-31 22:16:11', '2026-01-12 22:16:11'),
(46, 13, 17, 2, '2026-01-10 22:16:11', '2026-01-12 22:16:11'),
(47, 13, 20, 2, '2025-12-29 22:16:11', '2026-01-12 22:16:11'),
(48, 14, 1, 2, '2025-12-19 22:16:11', '2026-01-12 22:16:11'),
(49, 14, 4, 2, '2025-12-21 22:16:11', '2026-01-12 22:16:11'),
(50, 14, 7, 2, '2026-01-07 22:16:11', '2026-01-12 22:16:11'),
(51, 14, 10, 2, '2025-12-22 22:16:11', '2026-01-12 22:16:11'),
(52, 14, 13, 2, '2025-12-14 22:16:11', '2026-01-12 22:16:11'),
(53, 14, 16, 2, '2026-01-09 22:16:11', '2026-01-12 22:16:11'),
(54, 14, 19, 2, '2025-12-30 22:16:11', '2026-01-12 22:16:11'),
(55, 15, 3, 2, '2026-01-04 22:16:11', '2026-01-12 22:16:11'),
(56, 15, 6, 2, '2026-01-05 22:16:11', '2026-01-12 22:16:11'),
(57, 15, 9, 1, '2026-01-05 22:16:11', '2026-01-12 22:16:11'),
(58, 15, 12, 2, '2025-12-24 22:16:11', '2026-01-12 22:16:11'),
(59, 15, 15, 2, '2026-01-03 22:16:11', '2026-01-12 22:16:11'),
(60, 15, 18, 2, '2025-12-17 22:16:11', '2026-01-12 22:16:11'),
(61, 16, 2, 2, '2026-01-09 22:16:11', '2026-01-12 22:16:11'),
(62, 16, 5, 2, '2025-12-14 22:16:11', '2026-01-12 22:16:11'),
(63, 16, 8, 2, '2025-12-23 22:16:11', '2026-01-12 22:16:11'),
(64, 16, 11, 2, '2026-01-03 22:16:11', '2026-01-12 22:16:11'),
(65, 16, 14, 2, '2025-12-18 22:16:11', '2026-01-12 22:16:11'),
(66, 16, 17, 2, '2026-01-03 22:16:11', '2026-01-12 22:16:11'),
(67, 16, 20, 2, '2026-01-11 22:16:11', '2026-01-12 22:16:11'),
(68, 17, 1, 2, '2026-01-08 22:16:11', '2026-01-12 22:16:11'),
(69, 17, 4, 2, '2026-01-03 22:16:11', '2026-01-12 22:16:11'),
(70, 17, 7, 2, '2025-12-17 22:16:11', '2026-01-12 22:16:11'),
(71, 17, 10, 2, '2025-12-17 22:16:11', '2026-01-12 22:16:11'),
(72, 17, 13, 2, '2026-01-11 22:16:11', '2026-01-12 22:16:11'),
(73, 17, 16, 2, '2025-12-20 22:16:11', '2026-01-12 22:16:11'),
(74, 17, 19, 2, '2025-12-25 22:16:11', '2026-01-12 22:16:11'),
(75, 18, 3, 1, '2025-12-25 22:16:11', '2026-01-12 22:16:11'),
(76, 18, 6, 2, '2026-01-09 22:16:11', '2026-01-12 22:16:11'),
(77, 18, 9, 2, '2025-12-27 22:16:11', '2026-01-12 22:16:11'),
(78, 18, 12, 2, '2025-12-28 22:16:11', '2026-01-12 22:16:11'),
(79, 18, 15, 2, '2025-12-18 22:16:11', '2026-01-12 22:16:11'),
(80, 18, 18, 2, '2026-01-06 22:16:11', '2026-01-12 22:16:11'),
(81, 19, 2, 2, '2025-12-19 22:16:11', '2026-01-12 22:16:11'),
(82, 19, 5, 2, '2025-12-28 22:16:11', '2026-01-12 22:16:11'),
(83, 19, 8, 2, '2026-01-06 22:16:11', '2026-01-12 22:16:11'),
(84, 19, 11, 2, '2025-12-20 22:16:11', '2026-01-12 22:16:11'),
(85, 19, 14, 2, '2025-12-14 22:16:11', '2026-01-12 22:16:11'),
(86, 19, 17, 2, '2025-12-22 22:16:11', '2026-01-12 22:16:11'),
(87, 19, 20, 2, '2025-12-19 22:16:11', '2026-01-12 22:16:11'),
(88, 20, 1, 2, '2026-01-04 22:16:11', '2026-01-12 22:16:11'),
(89, 20, 4, 2, '2026-01-11 22:16:11', '2026-01-12 22:16:11'),
(90, 20, 7, 2, '2026-01-06 22:16:11', '2026-01-12 22:16:11'),
(91, 20, 10, 2, '2025-12-19 22:16:11', '2026-01-12 22:16:11'),
(92, 20, 13, 2, '2026-01-06 22:16:11', '2026-01-12 22:16:11'),
(93, 20, 16, 2, '2026-01-08 22:16:11', '2026-01-12 22:16:11'),
(94, 20, 19, 1, '2026-01-12 22:16:11', '2026-01-12 22:16:11'),
(95, 21, 3, 2, '2025-12-26 22:16:11', '2026-01-12 22:16:11'),
(96, 21, 6, 2, '2025-12-14 22:16:11', '2026-01-12 22:16:11'),
(97, 21, 9, 2, '2026-01-05 22:16:11', '2026-01-12 22:16:11'),
(98, 21, 12, 2, '2025-12-15 22:16:11', '2026-01-12 22:16:11'),
(99, 21, 15, 2, '2026-01-11 22:16:11', '2026-01-12 22:16:11'),
(100, 21, 18, 2, '2025-12-28 22:16:11', '2026-01-12 22:16:11'),
(101, 22, 2, 2, '2026-01-01 22:16:11', '2026-01-12 22:16:11'),
(102, 22, 5, 2, '2025-12-18 22:16:11', '2026-01-12 22:16:11'),
(103, 22, 8, 2, '2025-12-30 22:16:11', '2026-01-12 22:16:11'),
(104, 22, 11, 2, '2025-12-23 22:16:11', '2026-01-12 22:16:11'),
(105, 22, 14, 2, '2026-01-10 22:16:11', '2026-01-12 22:16:11'),
(106, 22, 17, 2, '2026-01-03 22:16:11', '2026-01-12 22:16:11'),
(107, 22, 20, 2, '2025-12-28 22:16:11', '2026-01-12 22:16:11'),
(108, 23, 1, 2, '2025-12-27 22:16:11', '2026-01-12 22:16:11'),
(109, 23, 4, 2, '2026-01-06 22:16:11', '2026-01-12 22:16:11'),
(110, 23, 7, 2, '2026-01-03 22:16:11', '2026-01-12 22:16:11'),
(111, 23, 10, 2, '2025-12-18 22:16:11', '2026-01-12 22:16:11'),
(112, 23, 13, 2, '2026-01-09 22:16:11', '2026-01-12 22:16:11'),
(113, 23, 16, 2, '2025-12-26 22:16:11', '2026-01-12 22:16:11'),
(114, 23, 19, 2, '2025-12-19 22:16:11', '2026-01-12 22:16:11'),
(115, 24, 3, 2, '2026-01-09 22:16:11', '2026-01-12 22:16:11'),
(116, 24, 6, 2, '2026-01-12 22:16:11', '2026-01-12 22:16:11'),
(117, 24, 9, 2, '2026-01-03 22:16:11', '2026-01-12 22:16:11'),
(118, 24, 12, 2, '2025-12-18 22:16:11', '2026-01-12 22:16:11'),
(119, 24, 15, 2, '2026-01-09 22:16:11', '2026-01-12 22:16:11'),
(120, 24, 18, 2, '2025-12-30 22:16:11', '2026-01-12 22:16:11'),
(121, 25, 2, 2, '2025-12-25 22:16:11', '2026-01-12 22:16:11'),
(122, 25, 5, 2, '2025-12-31 22:16:11', '2026-01-12 22:16:11'),
(123, 25, 8, 2, '2026-01-05 22:16:11', '2026-01-12 22:16:11'),
(124, 25, 11, 2, '2025-12-15 22:16:11', '2026-01-12 22:16:11'),
(125, 25, 14, 2, '2025-12-16 22:16:11', '2026-01-12 22:16:11'),
(126, 25, 17, 2, '2026-01-11 22:16:11', '2026-01-12 22:16:11'),
(127, 25, 20, 2, '2025-12-19 22:16:11', '2026-01-12 22:16:11'),
(128, 26, 1, 2, '2025-12-16 22:16:11', '2026-01-12 22:16:11'),
(129, 26, 4, 2, '2025-12-14 22:16:11', '2026-01-12 22:16:11'),
(130, 26, 7, 1, '2025-12-31 22:16:11', '2026-01-12 22:16:11'),
(131, 26, 10, 2, '2026-01-01 22:16:11', '2026-01-12 22:16:11'),
(132, 26, 13, 2, '2025-12-28 22:16:11', '2026-01-12 22:16:11'),
(133, 26, 16, 2, '2026-01-11 22:16:11', '2026-01-12 22:16:11'),
(134, 26, 19, 2, '2026-01-05 22:16:11', '2026-01-12 22:16:11'),
(135, 27, 3, 2, '2026-01-03 22:16:11', '2026-01-12 22:16:11'),
(136, 27, 6, 2, '2026-01-11 22:16:11', '2026-01-12 22:16:11'),
(137, 27, 9, 2, '2026-01-12 22:16:11', '2026-01-12 22:16:11'),
(138, 27, 12, 2, '2025-12-20 22:16:11', '2026-01-12 22:16:11'),
(139, 27, 15, 2, '2026-01-12 22:16:11', '2026-01-12 22:16:11'),
(140, 27, 18, 2, '2025-12-17 22:16:11', '2026-01-12 22:16:11'),
(141, 28, 2, 2, '2025-12-19 22:16:11', '2026-01-12 22:16:11'),
(142, 28, 5, 2, '2025-12-20 22:16:11', '2026-01-12 22:16:11'),
(143, 28, 8, 2, '2026-01-01 22:16:11', '2026-01-12 22:16:11'),
(144, 28, 11, 2, '2026-01-07 22:16:11', '2026-01-12 22:16:11'),
(145, 28, 14, 1, '2025-12-21 22:16:11', '2026-01-12 22:16:11'),
(146, 28, 17, 2, '2025-12-16 22:16:11', '2026-01-12 22:16:11'),
(147, 28, 20, 2, '2025-12-31 22:16:11', '2026-01-12 22:16:11'),
(148, 29, 1, 2, '2025-12-26 22:16:11', '2026-01-12 22:16:11'),
(149, 29, 4, 2, '2025-12-23 22:16:11', '2026-01-12 22:16:11'),
(150, 29, 7, 2, '2026-01-01 22:16:11', '2026-01-12 22:16:11'),
(151, 29, 10, 2, '2025-12-29 22:16:11', '2026-01-12 22:16:11'),
(152, 29, 13, 2, '2025-12-20 22:16:11', '2026-01-12 22:16:11'),
(153, 29, 16, 2, '2026-01-02 22:16:11', '2026-01-12 22:16:11'),
(154, 29, 19, 2, '2025-12-23 22:16:11', '2026-01-12 22:16:11'),
(155, 30, 3, 2, '2025-12-25 22:16:11', '2026-01-12 22:16:11'),
(156, 30, 6, 2, '2025-12-22 22:16:11', '2026-01-12 22:16:11'),
(157, 30, 9, 2, '2026-01-03 22:16:11', '2026-01-12 22:16:11'),
(158, 30, 12, 2, '2025-12-23 22:16:11', '2026-01-12 22:16:11'),
(159, 30, 15, 2, '2026-01-07 22:16:11', '2026-01-12 22:16:11'),
(160, 30, 18, 2, '2026-01-02 22:16:11', '2026-01-12 22:16:11'),
(161, 31, 2, 2, '2025-12-15 22:16:11', '2026-01-12 22:16:11'),
(162, 31, 5, 2, '2025-12-21 22:16:11', '2026-01-12 22:16:11'),
(163, 31, 8, 2, '2025-12-26 22:16:11', '2026-01-12 22:16:11'),
(164, 31, 11, 1, '2025-12-26 22:16:11', '2026-01-12 22:16:11'),
(165, 31, 14, 2, '2025-12-16 22:16:11', '2026-01-12 22:16:11'),
(166, 31, 17, 2, '2026-01-10 22:16:11', '2026-01-12 22:16:11'),
(167, 31, 20, 2, '2026-01-11 22:16:11', '2026-01-12 22:16:11'),
(168, 32, 1, 2, '2025-12-28 22:16:11', '2026-01-12 22:16:11'),
(169, 32, 4, 1, '2025-12-28 22:16:11', '2026-01-12 22:16:11'),
(170, 32, 7, 2, '2025-12-18 22:16:11', '2026-01-12 22:16:11'),
(171, 32, 10, 2, '2026-01-01 22:16:11', '2026-01-12 22:16:11'),
(172, 32, 13, 2, '2025-12-21 22:16:11', '2026-01-12 22:16:11'),
(173, 32, 16, 2, '2025-12-26 22:16:11', '2026-01-12 22:16:11'),
(174, 32, 19, 1, '2026-01-04 22:16:11', '2026-01-12 22:16:11'),
(175, 33, 3, 2, '2026-01-09 22:16:11', '2026-01-12 22:16:11'),
(176, 33, 6, 2, '2025-12-19 22:16:11', '2026-01-12 22:16:11'),
(177, 33, 9, 2, '2026-01-05 22:16:11', '2026-01-12 22:16:11'),
(178, 33, 12, 2, '2026-01-07 22:16:11', '2026-01-12 22:16:11'),
(179, 33, 15, 1, '2025-12-27 22:16:11', '2026-01-12 22:16:11'),
(180, 33, 18, 2, '2025-12-15 22:16:11', '2026-01-12 22:16:11'),
(181, 34, 2, 2, '2026-01-09 22:16:11', '2026-01-12 22:16:11'),
(182, 34, 5, 2, '2025-12-24 22:16:11', '2026-01-12 22:16:11'),
(183, 34, 8, 2, '2026-01-04 22:16:11', '2026-01-12 22:16:11'),
(184, 34, 11, 2, '2025-12-24 22:16:11', '2026-01-12 22:16:11'),
(185, 34, 14, 2, '2026-01-12 22:16:11', '2026-01-12 22:16:11'),
(186, 34, 17, 2, '2026-01-06 22:16:11', '2026-01-12 22:16:11'),
(187, 34, 20, 2, '2026-01-12 22:16:11', '2026-01-12 22:16:11'),
(188, 35, 1, 1, '2026-01-09 22:16:11', '2026-01-12 22:16:11'),
(189, 35, 4, 2, '2026-01-11 22:16:11', '2026-01-12 22:16:11'),
(190, 35, 7, 2, '2025-12-23 22:16:11', '2026-01-12 22:16:11'),
(191, 35, 10, 1, '2026-01-01 22:16:11', '2026-01-12 22:16:11'),
(192, 35, 13, 2, '2025-12-26 22:16:11', '2026-01-12 22:16:11'),
(193, 35, 16, 2, '2025-12-31 22:16:11', '2026-01-12 22:16:11'),
(194, 35, 19, 2, '2025-12-30 22:16:11', '2026-01-12 22:16:11'),
(195, 36, 3, 2, '2025-12-17 22:16:11', '2026-01-12 22:16:11'),
(196, 36, 6, 2, '2025-12-17 22:16:11', '2026-01-12 22:16:11'),
(197, 36, 9, 2, '2025-12-23 22:16:11', '2026-01-12 22:16:11'),
(198, 36, 12, 2, '2026-01-11 22:16:11', '2026-01-12 22:16:11'),
(199, 36, 15, 2, '2025-12-28 22:16:11', '2026-01-12 22:16:11'),
(200, 36, 18, 2, '2025-12-24 22:16:11', '2026-01-12 22:16:11');

-- --------------------------------------------------------

--
-- Table structure for table `enrollment_status`
--

CREATE TABLE `enrollment_status` (
  `status_id` bigint(20) NOT NULL,
  `code` varchar(50) NOT NULL,
  `name` varchar(100) NOT NULL
) ENGINE=InnoDB DEFAULT CHARSET=utf8mb4 COLLATE=utf8mb4_unicode_ci;

--
-- Dumping data for table `enrollment_status`
--

INSERT INTO `enrollment_status` (`status_id`, `code`, `name`) VALUES
(1, 'PENDING', 'Chờ xác nhận'),
(2, 'CONFIRMED', 'Đã xác nhận'),
(3, 'DROPPED', 'Đã rút'),
(4, 'PASSED', 'Đã đạt'),
(5, 'FAILED', 'Không đạt');

-- --------------------------------------------------------

--
-- Table structure for table `faculty`
--

CREATE TABLE `faculty` (
  `faculty_id` bigint(20) NOT NULL,
  `faculty_code` varchar(50) NOT NULL,
  `faculty_name` varchar(150) NOT NULL,
  `faculty_status_id` bigint(20) NOT NULL,
  `created_at` datetime NOT NULL DEFAULT current_timestamp(),
  `updated_at` datetime DEFAULT NULL
) ENGINE=InnoDB DEFAULT CHARSET=utf8mb4 COLLATE=utf8mb4_unicode_ci;

--
-- Dumping data for table `faculty`
--

INSERT INTO `faculty` (`faculty_id`, `faculty_code`, `faculty_name`, `faculty_status_id`, `created_at`, `updated_at`) VALUES
(1, 'FIT', 'Khoa Công nghệ Thông tin', 1, '2026-01-12 22:16:11', NULL),
(2, 'FEE', 'Khoa Điện - Điện tử', 1, '2026-01-12 22:16:11', NULL),
(3, 'FBA', 'Khoa Kinh tế - Quản trị', 1, '2026-01-12 22:16:11', NULL),
(4, 'FLL', 'Khoa Ngoại ngữ', 1, '2026-01-12 22:16:11', NULL);

-- --------------------------------------------------------

--
-- Table structure for table `faculty_major`
--

CREATE TABLE `faculty_major` (
  `faculty_id` bigint(20) NOT NULL,
  `major_id` bigint(20) NOT NULL
) ENGINE=InnoDB DEFAULT CHARSET=utf8mb4 COLLATE=utf8mb4_unicode_ci;

--
-- Dumping data for table `faculty_major`
--

INSERT INTO `faculty_major` (`faculty_id`, `major_id`) VALUES
(1, 1),
(1, 2),
(1, 3),
(2, 4),
(3, 5),
(4, 6);

-- --------------------------------------------------------

--
-- Table structure for table `faculty_status`
--

CREATE TABLE `faculty_status` (
  `faculty_status_id` bigint(20) NOT NULL,
  `code` varchar(50) NOT NULL,
  `name` varchar(100) NOT NULL
) ENGINE=InnoDB DEFAULT CHARSET=utf8mb4 COLLATE=utf8mb4_unicode_ci;

--
-- Dumping data for table `faculty_status`
--

INSERT INTO `faculty_status` (`faculty_status_id`, `code`, `name`) VALUES
(1, 'ACTIVE', 'Đang hoạt động'),
(2, 'INACTIVE', 'Ngừng hoạt động');

-- --------------------------------------------------------

--
-- Table structure for table `failed_jobs`
--

CREATE TABLE `failed_jobs` (
  `id` bigint(20) UNSIGNED NOT NULL,
  `uuid` varchar(255) NOT NULL,
  `connection` text NOT NULL,
  `queue` text NOT NULL,
  `payload` longtext NOT NULL,
  `exception` longtext NOT NULL,
  `failed_at` timestamp NOT NULL DEFAULT current_timestamp()
) ENGINE=InnoDB DEFAULT CHARSET=utf8mb4 COLLATE=utf8mb4_unicode_ci;

-- --------------------------------------------------------

--
-- Table structure for table `gender_lookup`
--

CREATE TABLE `gender_lookup` (
  `gender_id` bigint(20) NOT NULL,
  `code` varchar(20) NOT NULL,
  `name` varchar(50) NOT NULL
) ENGINE=InnoDB DEFAULT CHARSET=utf8mb4 COLLATE=utf8mb4_unicode_ci;

--
-- Dumping data for table `gender_lookup`
--

INSERT INTO `gender_lookup` (`gender_id`, `code`, `name`) VALUES
(1, 'MALE', 'Nam'),
(2, 'FEMALE', 'Nữ');

-- --------------------------------------------------------

--
-- Table structure for table `grading_component`
--

CREATE TABLE `grading_component` (
  `component_id` bigint(20) NOT NULL,
  `grading_scheme_id` bigint(20) NOT NULL,
  `component_name` varchar(150) NOT NULL,
  `weight_percent` decimal(5,2) NOT NULL,
  `order_no` int(11) NOT NULL
) ENGINE=InnoDB DEFAULT CHARSET=utf8mb4 COLLATE=utf8mb4_unicode_ci;

--
-- Dumping data for table `grading_component`
--

INSERT INTO `grading_component` (`component_id`, `grading_scheme_id`, `component_name`, `weight_percent`, `order_no`) VALUES
(1, 1, 'Giữa kỳ', 30.00, 1),
(2, 1, 'Cuối kỳ', 40.00, 2),
(3, 1, 'Bài tập', 20.00, 3),
(4, 1, 'Chuyên cần', 10.00, 4),
(5, 2, 'Assignment', 25.00, 1),
(6, 2, 'Midterm', 25.00, 2),
(7, 2, 'Final Exam', 35.00, 3),
(8, 2, 'Participation', 15.00, 4),
(9, 3, 'Bài kiểm tra', 40.00, 1),
(10, 3, 'Đồ án', 40.00, 2),
(11, 3, 'Thực hành', 20.00, 3);

-- --------------------------------------------------------

--
-- Table structure for table `grading_scheme`
--

CREATE TABLE `grading_scheme` (
  `grading_scheme_id` bigint(20) NOT NULL,
  `scheme_code` varchar(50) NOT NULL,
  `scheme_name` varchar(150) NOT NULL,
  `description` varchar(255) DEFAULT NULL,
  `status_id` bigint(20) NOT NULL,
  `created_at` datetime NOT NULL DEFAULT current_timestamp()
) ENGINE=InnoDB DEFAULT CHARSET=utf8mb4 COLLATE=utf8mb4_unicode_ci;

--
-- Dumping data for table `grading_scheme`
--

INSERT INTO `grading_scheme` (`grading_scheme_id`, `scheme_code`, `scheme_name`, `description`, `status_id`, `created_at`) VALUES
(1, 'GS10', 'Thang điểm 10', 'Đánh giá theo thang điểm 10, điểm đạt từ 5.0 trở lên', 1, '2026-01-12 22:16:11'),
(2, 'GS4', 'Thang điểm 4', 'Đánh giá theo thang điểm 4 (A, B, C, D, F)', 1, '2026-01-12 22:16:11'),
(3, 'GSCH', 'Thang điểm Chữ', 'Đánh giá theo thang điểm chữ (Xuất sắc, Giỏi, Khá, Trung bình, Yếu)', 1, '2026-01-12 22:16:11');

-- --------------------------------------------------------

--
-- Table structure for table `grading_scheme_status`
--

CREATE TABLE `grading_scheme_status` (
  `status_id` bigint(20) NOT NULL,
  `code` varchar(50) NOT NULL,
  `name` varchar(100) NOT NULL
) ENGINE=InnoDB DEFAULT CHARSET=utf8mb4 COLLATE=utf8mb4_unicode_ci;

--
-- Dumping data for table `grading_scheme_status`
--

INSERT INTO `grading_scheme_status` (`status_id`, `code`, `name`) VALUES
(1, 'ACTIVE', 'Đang áp dụng'),
(2, 'INACTIVE', 'Không áp dụng');

-- --------------------------------------------------------

--
-- Table structure for table `jobs`
--

CREATE TABLE `jobs` (
  `id` bigint(20) UNSIGNED NOT NULL,
  `queue` varchar(255) NOT NULL,
  `payload` longtext NOT NULL,
  `attempts` tinyint(3) UNSIGNED NOT NULL,
  `reserved_at` int(10) UNSIGNED DEFAULT NULL,
  `available_at` int(10) UNSIGNED NOT NULL,
  `created_at` int(10) UNSIGNED NOT NULL
) ENGINE=InnoDB DEFAULT CHARSET=utf8mb4 COLLATE=utf8mb4_unicode_ci;

-- --------------------------------------------------------

--
-- Table structure for table `job_batches`
--

CREATE TABLE `job_batches` (
  `id` varchar(255) NOT NULL,
  `name` varchar(255) NOT NULL,
  `total_jobs` int(11) NOT NULL,
  `pending_jobs` int(11) NOT NULL,
  `failed_jobs` int(11) NOT NULL,
  `failed_job_ids` longtext NOT NULL,
  `options` mediumtext DEFAULT NULL,
  `cancelled_at` int(11) DEFAULT NULL,
  `created_at` int(11) NOT NULL,
  `finished_at` int(11) DEFAULT NULL
) ENGINE=InnoDB DEFAULT CHARSET=utf8mb4 COLLATE=utf8mb4_unicode_ci;

-- --------------------------------------------------------

--
-- Table structure for table `major`
--

CREATE TABLE `major` (
  `major_id` bigint(20) NOT NULL,
  `major_code` varchar(50) NOT NULL,
  `major_name` varchar(150) NOT NULL,
  `major_status_id` bigint(20) NOT NULL,
  `created_at` datetime NOT NULL DEFAULT current_timestamp(),
  `updated_at` datetime DEFAULT NULL
) ENGINE=InnoDB DEFAULT CHARSET=utf8mb4 COLLATE=utf8mb4_unicode_ci;

--
-- Dumping data for table `major`
--

INSERT INTO `major` (`major_id`, `major_code`, `major_name`, `major_status_id`, `created_at`, `updated_at`) VALUES
(1, 'CS', 'Khoa học Máy tính', 1, '2026-01-12 22:16:11', NULL),
(2, 'SE', 'Kỹ thuật Phần mềm', 1, '2026-01-12 22:16:11', NULL),
(3, 'IT', 'Công nghệ Thông tin', 1, '2026-01-12 22:16:11', NULL),
(4, 'EE', 'Kỹ thuật Điện', 1, '2026-01-12 22:16:11', NULL),
(5, 'BA', 'Quản trị Kinh doanh', 1, '2026-01-12 22:16:11', NULL),
(6, 'EL', 'Ngôn ngữ Anh', 1, '2026-01-12 22:16:11', NULL);

-- --------------------------------------------------------

--
-- Table structure for table `major_course`
--

CREATE TABLE `major_course` (
  `major_id` bigint(20) NOT NULL,
  `course_id` bigint(20) NOT NULL
) ENGINE=InnoDB DEFAULT CHARSET=utf8mb4 COLLATE=utf8mb4_unicode_ci;

--
-- Dumping data for table `major_course`
--

INSERT INTO `major_course` (`major_id`, `course_id`) VALUES
(1, 1),
(1, 2),
(1, 3),
(1, 4),
(1, 5),
(1, 6),
(1, 12),
(1, 16),
(1, 20),
(1, 24),
(1, 28),
(1, 32),
(1, 36),
(1, 40),
(1, 44),
(1, 48),
(2, 7),
(2, 8),
(2, 13),
(2, 17),
(2, 21),
(2, 25),
(2, 29),
(2, 33),
(2, 37),
(2, 41),
(2, 45),
(2, 49),
(3, 9),
(3, 10),
(3, 14),
(3, 18),
(3, 22),
(3, 26),
(3, 30),
(3, 34),
(3, 38),
(3, 42),
(3, 46),
(3, 50),
(4, 11),
(4, 15),
(4, 19),
(4, 23),
(4, 27),
(4, 31),
(4, 35),
(4, 39),
(4, 43),
(4, 47);

-- --------------------------------------------------------

--
-- Table structure for table `major_status`
--

CREATE TABLE `major_status` (
  `major_status_id` bigint(20) NOT NULL,
  `code` varchar(50) NOT NULL,
  `name` varchar(100) NOT NULL
) ENGINE=InnoDB DEFAULT CHARSET=utf8mb4 COLLATE=utf8mb4_unicode_ci;

--
-- Dumping data for table `major_status`
--

INSERT INTO `major_status` (`major_status_id`, `code`, `name`) VALUES
(1, 'ACTIVE', 'Đang tuyển sinh'),
(2, 'INACTIVE', 'Ngừng tuyển sinh');

-- --------------------------------------------------------

--
-- Table structure for table `meeting_status`
--

CREATE TABLE `meeting_status` (
  `status_id` bigint(20) NOT NULL,
  `code` varchar(50) NOT NULL,
  `name` varchar(100) NOT NULL
) ENGINE=InnoDB DEFAULT CHARSET=utf8mb4 COLLATE=utf8mb4_unicode_ci;

--
-- Dumping data for table `meeting_status`
--

INSERT INTO `meeting_status` (`status_id`, `code`, `name`) VALUES
(1, 'SCHEDULED', 'Đã lên lịch'),
(2, 'COMPLETED', 'Đã hoàn thành'),
(3, 'CANCELLED', 'Đã hủy');

-- --------------------------------------------------------

--
-- Table structure for table `migrations`
--

CREATE TABLE `migrations` (
  `id` int(10) UNSIGNED NOT NULL,
  `migration` varchar(255) NOT NULL,
  `batch` int(11) NOT NULL
) ENGINE=InnoDB DEFAULT CHARSET=utf8mb4 COLLATE=utf8mb4_unicode_ci;

--
-- Dumping data for table `migrations`
--

INSERT INTO `migrations` (`id`, `migration`, `batch`) VALUES
(1, '0001_01_01_000001_create_cache_table', 1),
(2, '0001_01_01_000002_create_jobs_table', 2),
(3, '2024_01_01_000002_create_sessions_table', 3);

-- --------------------------------------------------------

--
-- Table structure for table `role`
--

CREATE TABLE `role` (
  `role_id` bigint(20) NOT NULL,
  `role_code` varchar(50) NOT NULL,
  `role_name` varchar(100) NOT NULL,
  `description` varchar(255) DEFAULT NULL
) ENGINE=InnoDB DEFAULT CHARSET=utf8mb4 COLLATE=utf8mb4_unicode_ci;

--
-- Dumping data for table `role`
--

INSERT INTO `role` (`role_id`, `role_code`, `role_name`, `description`) VALUES
(1, 'ADMIN', 'Quản trị viên', 'Toàn quyền hệ thống'),
(2, 'LECTURER', 'Giảng viên', 'Giảng dạy và quản lý lớp học'),
(3, 'STUDENT', 'Sinh viên', 'Học tập và tham gia khóa học');

-- --------------------------------------------------------

--
-- Table structure for table `room`
--

CREATE TABLE `room` (
  `room_id` bigint(20) NOT NULL,
  `room_code` varchar(50) NOT NULL,
  `room_name` varchar(150) DEFAULT NULL,
  `capacity` int(11) DEFAULT NULL,
  `campus_id` bigint(20) NOT NULL,
  `room_status_id` bigint(20) NOT NULL,
  `created_at` datetime NOT NULL DEFAULT current_timestamp()
) ENGINE=InnoDB DEFAULT CHARSET=utf8mb4 COLLATE=utf8mb4_unicode_ci;

--
-- Dumping data for table `room`
--

INSERT INTO `room` (`room_id`, `room_code`, `room_name`, `capacity`, `campus_id`, `room_status_id`, `created_at`) VALUES
(1, 'R101', 'Phòng 101', 50, 1, 1, '2026-01-12 22:16:11'),
(2, 'R102', 'Phòng 102', 60, 1, 1, '2026-01-12 22:16:11'),
(3, 'R201', 'Phòng 201 - Lab', 40, 1, 1, '2026-01-12 22:16:11'),
(4, 'R202', 'Phòng 202', 70, 1, 1, '2026-01-12 22:16:11'),
(5, 'R301', 'Phòng 301', 55, 2, 1, '2026-01-12 22:16:11'),
(6, 'R302', 'Phòng 302 - Hội trường', 100, 2, 1, '2026-01-12 22:16:11'),
(7, 'R401', 'Phòng 401', 45, 2, 1, '2026-01-12 22:16:11'),
(8, 'R501', 'Phòng 501', 65, 3, 1, '2026-01-12 22:16:11'),
(9, 'R502', 'Phòng 502', 50, 3, 1, '2026-01-12 22:16:11');

-- --------------------------------------------------------

--
-- Table structure for table `room_status`
--

CREATE TABLE `room_status` (
  `room_status_id` bigint(20) NOT NULL,
  `code` varchar(50) NOT NULL,
  `name` varchar(100) NOT NULL
) ENGINE=InnoDB DEFAULT CHARSET=utf8mb4 COLLATE=utf8mb4_unicode_ci;

--
-- Dumping data for table `room_status`
--

INSERT INTO `room_status` (`room_status_id`, `code`, `name`) VALUES
(1, 'AVAILABLE', 'Có sẵn'),
(2, 'MAINTENANCE', 'Đang bảo trì'),
(3, 'CLOSED', 'Đóng cửa');

-- --------------------------------------------------------

--
-- Table structure for table `semester`
--

CREATE TABLE `semester` (
  `semester_id` bigint(20) NOT NULL,
  `academic_year_id` bigint(20) NOT NULL,
  `semester_code` varchar(50) NOT NULL,
  `start_date` date NOT NULL,
  `end_date` date NOT NULL,
  `status_id` bigint(20) NOT NULL,
  `created_at` datetime NOT NULL DEFAULT current_timestamp()
) ENGINE=InnoDB DEFAULT CHARSET=utf8mb4 COLLATE=utf8mb4_unicode_ci;

--
-- Dumping data for table `semester`
--

INSERT INTO `semester` (`semester_id`, `academic_year_id`, `semester_code`, `start_date`, `end_date`, `status_id`, `created_at`) VALUES
(1, 1, 'HK1-2022', '2022-09-01', '2023-01-15', 2, '2022-06-01 00:00:00'),
(2, 1, 'HK2-2022', '2023-01-16', '2023-05-31', 2, '2022-06-01 00:00:00'),
(3, 2, 'HK1-2023', '2023-09-01', '2024-01-15', 2, '2023-06-01 00:00:00'),
(4, 2, 'HK2-2023', '2024-01-16', '2024-05-31', 1, '2023-06-01 00:00:00'),
(5, 3, 'HK1-2024', '2024-09-01', '2025-01-15', 1, '2024-06-01 00:00:00');

-- --------------------------------------------------------

--
-- Table structure for table `semester_status`
--

CREATE TABLE `semester_status` (
  `status_id` bigint(20) NOT NULL,
  `code` varchar(50) NOT NULL,
  `name` varchar(100) NOT NULL
) ENGINE=InnoDB DEFAULT CHARSET=utf8mb4 COLLATE=utf8mb4_unicode_ci;

--
-- Dumping data for table `semester_status`
--

INSERT INTO `semester_status` (`status_id`, `code`, `name`) VALUES
(1, 'ONGOING', 'Đang diễn ra'),
(2, 'COMPLETED', 'Đã hoàn thành'),
(3, 'UPCOMING', 'Sắp tới');

-- --------------------------------------------------------

--
-- Table structure for table `sessions`
--

CREATE TABLE `sessions` (
  `id` varchar(255) NOT NULL,
  `user_id` bigint(20) UNSIGNED DEFAULT NULL,
  `ip_address` varchar(45) DEFAULT NULL,
  `user_agent` text DEFAULT NULL,
  `payload` longtext NOT NULL,
  `last_activity` int(11) NOT NULL
) ENGINE=InnoDB DEFAULT CHARSET=utf8mb4 COLLATE=utf8mb4_unicode_ci;

--
-- Dumping data for table `sessions`
--

INSERT INTO `sessions` (`id`, `user_id`, `ip_address`, `user_agent`, `payload`, `last_activity`) VALUES
('28oo6984Z8NyvugQsDla3vr8qUmVe7sP91ergIPz', NULL, '::1', 'Mozilla/5.0 (Windows NT; Windows NT 10.0; en-US) WindowsPowerShell/5.1.26100.7462', 'YTo0OntzOjY6Il90b2tlbiI7czo0MDoiN29Na01uOG54cXY1OWtSa2lIR2xPZkhUenc3YlVKeEtIajlsQUpubiI7czozOiJ1cmwiO2E6MTp7czo4OiJpbnRlbmRlZCI7czo1NjoiaHR0cDovL2xvY2FsaG9zdC9Qb2ludEMvU1BUUy9wdWJsaWMvc3R1ZGVudC9hcGkvd2FybmluZ3MiO31zOjk6Il9wcmV2aW91cyI7YToyOntzOjM6InVybCI7czo0MToiaHR0cDovL2xvY2FsaG9zdC9Qb2ludEMvU1BUUy9wdWJsaWMvbG9naW4iO3M6NToicm91dGUiO3M6NToibG9naW4iO31zOjY6Il9mbGFzaCI7YToyOntzOjM6Im9sZCI7YTowOnt9czozOiJuZXciO2E6MDp7fX19', 1768662762),
('u2dtYLMfiNUnyjtgLHweQeCG9AG8EZ0BG1yvpy2m', 7, '::1', 'Mozilla/5.0 (Windows NT 10.0; Win64; x64) AppleWebKit/537.36 (KHTML, like Gecko) Chrome/143.0.0.0 Safari/537.36 Edg/143.0.0.0', 'YTo0OntzOjY6Il90b2tlbiI7czo0MDoiMGNsMGZZVDg0czNRY2twYjhRRDRSVlBUcUc3a0diZkltVk5Fa1NsTSI7czo5OiJfcHJldmlvdXMiO2E6Mjp7czozOiJ1cmwiO3M6NTY6Imh0dHA6Ly9sb2NhbGhvc3QvUG9pbnRDL1NQVFMvcHVibGljL3N0dWRlbnQvYXBpL3dhcm5pbmdzIjtzOjU6InJvdXRlIjtzOjIwOiJzdHVkZW50LmFwaS53YXJuaW5ncyI7fXM6NjoiX2ZsYXNoIjthOjI6e3M6Mzoib2xkIjthOjA6e31zOjM6Im5ldyI7YTowOnt9fXM6NTA6ImxvZ2luX3dlYl81OWJhMzZhZGRjMmIyZjk0MDE1ODBmMDE0YzdmNThlYTRlMzA5ODlkIjtpOjc7fQ==', 1768663971),
('uyTTlm2zIiYPNYkDGdSkmjjlD9ojupz2Amtik2iT', 7, '::1', 'Mozilla/5.0 (Windows NT 10.0; Win64; x64) AppleWebKit/537.36 (KHTML, like Gecko) Chrome/143.0.0.0 Safari/537.36 Edg/143.0.0.0', 'YTo1OntzOjY6Il90b2tlbiI7czo0MDoiTGFFa2szc0V3cjh2TzhDNTVCVWlkYm5Sb1l0cmc5N2E3SHFneE94OSI7czozOiJ1cmwiO2E6MDp7fXM6OToiX3ByZXZpb3VzIjthOjI6e3M6MzoidXJsIjtzOjU3OiJodHRwOi8vbG9jYWxob3N0L1BvaW50Qy9TUFRTL3B1YmxpYy9zdHVkZW50L3Rlc3Qtd2FybmluZ3MiO3M6NToicm91dGUiO3M6ODoic3R1ZGVudC4iO31zOjY6Il9mbGFzaCI7YToyOntzOjM6Im9sZCI7YTowOnt9czozOiJuZXciO2E6MDp7fX1zOjUwOiJsb2dpbl93ZWJfNTliYTM2YWRkYzJiMmY5NDAxNTgwZjAxNGM3ZjU4ZWE0ZTMwOTg5ZCI7aTo3O30=', 1768664372),
('xG0nVvfGqbtGicKL35OvPEEtwDHQ65VJx2x8B3yl', 7, '::1', 'Mozilla/5.0 (Windows NT 10.0; Win64; x64) AppleWebKit/537.36 (KHTML, like Gecko) Chrome/143.0.0.0 Safari/537.36 Edg/143.0.0.0', 'YTo1OntzOjY6Il90b2tlbiI7czo0MDoidlNRVTVaYWhFZ0d5ZHp6MmJRTG84ZFUwSHpmRWk2WHhLb3kzQmVPdSI7czozOiJ1cmwiO2E6MDp7fXM6OToiX3ByZXZpb3VzIjthOjI6e3M6MzoidXJsIjtzOjUzOiJodHRwOi8vbG9jYWxob3N0L1BvaW50Qy9TUFRTL3B1YmxpYy9zdHVkZW50L2Rhc2hib2FyZCI7czo1OiJyb3V0ZSI7czoxNzoic3R1ZGVudC5kYXNoYm9hcmQiO31zOjY6Il9mbGFzaCI7YToyOntzOjM6Im9sZCI7YTowOnt9czozOiJuZXciO2E6MDp7fX1zOjUwOiJsb2dpbl93ZWJfNTliYTM2YWRkYzJiMmY5NDAxNTgwZjAxNGM3ZjU4ZWE0ZTMwOTg5ZCI7aTo3O30=', 1768661482);

-- --------------------------------------------------------

--
-- Table structure for table `student_score`
--

CREATE TABLE `student_score` (
  `student_score_id` bigint(20) NOT NULL,
  `enrollment_id` bigint(20) NOT NULL,
  `component_id` bigint(20) NOT NULL,
  `score_value` decimal(5,2) NOT NULL,
  `last_updated_at` datetime DEFAULT NULL
) ENGINE=InnoDB DEFAULT CHARSET=utf8mb4 COLLATE=utf8mb4_unicode_ci;

--
-- Dumping data for table `student_score`
--

INSERT INTO `student_score` (`student_score_id`, `enrollment_id`, `component_id`, `score_value`, `last_updated_at`) VALUES
(1, 17, 1, 5.78, '2026-01-12 22:16:11'),
(2, 37, 1, 8.45, '2026-01-12 22:16:11'),
(3, 77, 1, 4.90, '2026-01-12 22:16:11'),
(4, 97, 1, 9.15, '2026-01-12 22:16:11'),
(5, 117, 1, 1.07, '2026-01-12 22:16:11'),
(6, 137, 1, 7.91, '2026-01-12 22:16:11'),
(7, 157, 1, 6.31, '2026-01-12 22:16:11'),
(8, 177, 1, 7.81, '2026-01-12 22:16:11'),
(9, 197, 1, 0.15, '2026-01-12 22:16:11'),
(10, 15, 1, 7.33, '2026-01-12 22:16:11'),
(11, 35, 1, 6.17, '2026-01-12 22:16:11'),
(12, 55, 1, 8.85, '2026-01-12 22:16:11'),
(13, 95, 1, 5.76, '2026-01-12 22:16:11'),
(14, 115, 1, 2.24, '2026-01-12 22:16:11'),
(15, 135, 1, 3.92, '2026-01-12 22:16:11'),
(16, 155, 1, 2.90, '2026-01-12 22:16:11'),
(17, 175, 1, 2.72, '2026-01-12 22:16:11'),
(18, 195, 1, 4.89, '2026-01-12 22:16:11'),
(19, 18, 1, 6.30, '2026-01-12 22:16:11'),
(20, 38, 1, 6.82, '2026-01-12 22:16:11'),
(21, 58, 1, 5.20, '2026-01-12 22:16:11'),
(22, 78, 1, 5.53, '2026-01-12 22:16:11'),
(23, 98, 1, 2.07, '2026-01-12 22:16:11'),
(24, 118, 1, 3.76, '2026-01-12 22:16:11'),
(25, 138, 1, 2.58, '2026-01-12 22:16:11'),
(26, 158, 1, 1.62, '2026-01-12 22:16:11'),
(27, 178, 1, 0.36, '2026-01-12 22:16:11'),
(28, 198, 1, 6.95, '2026-01-12 22:16:11'),
(29, 19, 1, 3.66, '2026-01-12 22:16:11'),
(30, 39, 1, 7.45, '2026-01-12 22:16:11'),
(31, 59, 1, 6.28, '2026-01-12 22:16:11'),
(32, 79, 1, 9.02, '2026-01-12 22:16:11'),
(33, 99, 1, 6.30, '2026-01-12 22:16:11'),
(34, 119, 1, 4.40, '2026-01-12 22:16:11'),
(35, 139, 1, 3.13, '2026-01-12 22:16:11'),
(36, 159, 1, 2.44, '2026-01-12 22:16:11'),
(37, 199, 1, 2.82, '2026-01-12 22:16:11'),
(38, 16, 1, 6.77, '2026-01-12 22:16:11'),
(39, 36, 1, 5.39, '2026-01-12 22:16:11'),
(40, 56, 1, 6.66, '2026-01-12 22:16:11'),
(41, 76, 1, 7.13, '2026-01-12 22:16:11'),
(42, 96, 1, 5.65, '2026-01-12 22:16:11'),
(43, 116, 1, 6.86, '2026-01-12 22:16:11'),
(44, 136, 1, 7.35, '2026-01-12 22:16:11'),
(45, 156, 1, 6.16, '2026-01-12 22:16:11'),
(46, 176, 1, 8.78, '2026-01-12 22:16:11'),
(47, 196, 1, 5.40, '2026-01-12 22:16:11'),
(48, 20, 1, 0.68, '2026-01-12 22:16:11'),
(49, 40, 1, 7.20, '2026-01-12 22:16:11'),
(50, 60, 1, 3.97, '2026-01-12 22:16:11'),
(51, 80, 1, 8.24, '2026-01-12 22:16:11'),
(52, 100, 1, 9.30, '2026-01-12 22:16:11'),
(53, 120, 1, 1.77, '2026-01-12 22:16:11'),
(54, 140, 1, 0.93, '2026-01-12 22:16:11'),
(55, 160, 1, 9.36, '2026-01-12 22:16:11'),
(56, 180, 1, 3.99, '2026-01-12 22:16:11'),
(57, 200, 1, 1.87, '2026-01-12 22:16:11'),
(58, 17, 2, 7.41, '2026-01-12 22:16:11'),
(59, 37, 2, 1.41, '2026-01-12 22:16:11'),
(60, 77, 2, 4.82, '2026-01-12 22:16:11'),
(61, 97, 2, 9.88, '2026-01-12 22:16:11'),
(62, 117, 2, 4.96, '2026-01-12 22:16:11'),
(63, 137, 2, 5.12, '2026-01-12 22:16:11'),
(64, 157, 2, 0.76, '2026-01-12 22:16:11'),
(65, 177, 2, 8.41, '2026-01-12 22:16:11'),
(66, 197, 2, 9.76, '2026-01-12 22:16:11'),
(67, 15, 2, 3.58, '2026-01-12 22:16:11'),
(68, 35, 2, 8.62, '2026-01-12 22:16:11'),
(69, 55, 2, 2.34, '2026-01-12 22:16:11'),
(70, 95, 2, 5.86, '2026-01-12 22:16:11'),
(71, 115, 2, 2.27, '2026-01-12 22:16:11'),
(72, 135, 2, 3.79, '2026-01-12 22:16:11'),
(73, 155, 2, 2.12, '2026-01-12 22:16:11'),
(74, 175, 2, 9.25, '2026-01-12 22:16:11'),
(75, 195, 2, 9.89, '2026-01-12 22:16:11'),
(76, 18, 2, 1.67, '2026-01-12 22:16:11'),
(77, 38, 2, 8.71, '2026-01-12 22:16:11'),
(78, 58, 2, 8.52, '2026-01-12 22:16:11'),
(79, 78, 2, 6.50, '2026-01-12 22:16:11'),
(80, 98, 2, 6.91, '2026-01-12 22:16:11'),
(81, 118, 2, 5.08, '2026-01-12 22:16:11'),
(82, 138, 2, 4.64, '2026-01-12 22:16:11'),
(83, 158, 2, 7.99, '2026-01-12 22:16:11'),
(84, 178, 2, 6.01, '2026-01-12 22:16:11'),
(85, 198, 2, 6.08, '2026-01-12 22:16:11'),
(86, 19, 2, 2.35, '2026-01-12 22:16:11'),
(87, 39, 2, 3.54, '2026-01-12 22:16:11'),
(88, 59, 2, 0.63, '2026-01-12 22:16:11'),
(89, 79, 2, 2.54, '2026-01-12 22:16:11'),
(90, 99, 2, 0.80, '2026-01-12 22:16:11'),
(91, 119, 2, 6.39, '2026-01-12 22:16:11'),
(92, 139, 2, 9.53, '2026-01-12 22:16:11'),
(93, 159, 2, 8.49, '2026-01-12 22:16:11'),
(94, 199, 2, 3.87, '2026-01-12 22:16:11'),
(95, 16, 2, 3.86, '2026-01-12 22:16:11'),
(96, 36, 2, 7.70, '2026-01-12 22:16:11'),
(97, 56, 2, 6.91, '2026-01-12 22:16:11'),
(98, 76, 2, 1.46, '2026-01-12 22:16:11'),
(99, 96, 2, 6.58, '2026-01-12 22:16:11'),
(100, 116, 2, 8.51, '2026-01-12 22:16:11'),
(101, 136, 2, 2.80, '2026-01-12 22:16:11'),
(102, 156, 2, 8.46, '2026-01-12 22:16:11'),
(103, 176, 2, 3.90, '2026-01-12 22:16:11'),
(104, 196, 2, 4.11, '2026-01-12 22:16:11'),
(105, 20, 2, 8.87, '2026-01-12 22:16:11'),
(106, 40, 2, 2.01, '2026-01-12 22:16:11'),
(107, 60, 2, 3.45, '2026-01-12 22:16:11'),
(108, 80, 2, 1.23, '2026-01-12 22:16:11'),
(109, 100, 2, 5.81, '2026-01-12 22:16:11'),
(110, 120, 2, 5.35, '2026-01-12 22:16:11'),
(111, 140, 2, 9.30, '2026-01-12 22:16:11'),
(112, 160, 2, 0.46, '2026-01-12 22:16:11'),
(113, 180, 2, 4.41, '2026-01-12 22:16:11'),
(114, 200, 2, 0.67, '2026-01-12 22:16:11'),
(115, 17, 3, 0.11, '2026-01-12 22:16:11'),
(116, 37, 3, 8.54, '2026-01-12 22:16:11'),
(117, 77, 3, 2.36, '2026-01-12 22:16:11'),
(118, 97, 3, 6.19, '2026-01-12 22:16:11'),
(119, 117, 3, 3.88, '2026-01-12 22:16:11'),
(120, 137, 3, 0.81, '2026-01-12 22:16:11'),
(121, 157, 3, 2.42, '2026-01-12 22:16:11'),
(122, 177, 3, 9.67, '2026-01-12 22:16:11'),
(123, 197, 3, 1.11, '2026-01-12 22:16:11'),
(124, 15, 3, 6.52, '2026-01-12 22:16:11'),
(125, 35, 3, 9.26, '2026-01-12 22:16:11'),
(126, 55, 3, 6.73, '2026-01-12 22:16:11'),
(127, 95, 3, 5.88, '2026-01-12 22:16:11'),
(128, 115, 3, 9.20, '2026-01-12 22:16:11'),
(129, 135, 3, 8.38, '2026-01-12 22:16:11'),
(130, 155, 3, 4.27, '2026-01-12 22:16:11'),
(131, 175, 3, 6.25, '2026-01-12 22:16:11'),
(132, 195, 3, 8.41, '2026-01-12 22:16:11'),
(133, 18, 3, 3.29, '2026-01-12 22:16:11'),
(134, 38, 3, 1.23, '2026-01-12 22:16:11'),
(135, 58, 3, 6.27, '2026-01-12 22:16:11'),
(136, 78, 3, 7.66, '2026-01-12 22:16:11'),
(137, 98, 3, 9.48, '2026-01-12 22:16:11'),
(138, 118, 3, 4.42, '2026-01-12 22:16:11'),
(139, 138, 3, 3.67, '2026-01-12 22:16:11'),
(140, 158, 3, 5.07, '2026-01-12 22:16:11'),
(141, 178, 3, 4.36, '2026-01-12 22:16:11'),
(142, 198, 3, 6.61, '2026-01-12 22:16:11'),
(143, 19, 3, 9.93, '2026-01-12 22:16:11'),
(144, 39, 3, 9.84, '2026-01-12 22:16:11'),
(145, 59, 3, 9.43, '2026-01-12 22:16:11'),
(146, 79, 3, 7.60, '2026-01-12 22:16:11'),
(147, 99, 3, 9.71, '2026-01-12 22:16:11'),
(148, 119, 3, 5.74, '2026-01-12 22:16:11'),
(149, 139, 3, 9.57, '2026-01-12 22:16:11'),
(150, 159, 3, 0.66, '2026-01-12 22:16:11'),
(151, 199, 3, 4.56, '2026-01-12 22:16:11'),
(152, 16, 3, 0.84, '2026-01-12 22:16:11'),
(153, 36, 3, 0.50, '2026-01-12 22:16:11'),
(154, 56, 3, 0.01, '2026-01-12 22:16:11'),
(155, 76, 3, 8.52, '2026-01-12 22:16:11'),
(156, 96, 3, 2.60, '2026-01-12 22:16:11'),
(157, 116, 3, 7.43, '2026-01-12 22:16:11'),
(158, 136, 3, 9.35, '2026-01-12 22:16:11'),
(159, 156, 3, 4.46, '2026-01-12 22:16:11'),
(160, 176, 3, 4.26, '2026-01-12 22:16:11'),
(161, 196, 3, 7.91, '2026-01-12 22:16:11'),
(162, 20, 3, 6.76, '2026-01-12 22:16:11'),
(163, 40, 3, 0.07, '2026-01-12 22:16:11'),
(164, 60, 3, 0.07, '2026-01-12 22:16:11'),
(165, 80, 3, 0.16, '2026-01-12 22:16:11'),
(166, 100, 3, 0.59, '2026-01-12 22:16:11'),
(167, 120, 3, 2.47, '2026-01-12 22:16:11'),
(168, 140, 3, 0.57, '2026-01-12 22:16:11'),
(169, 160, 3, 5.44, '2026-01-12 22:16:11'),
(170, 180, 3, 5.47, '2026-01-12 22:16:11'),
(171, 200, 3, 1.05, '2026-01-12 22:16:11'),
(172, 17, 4, 8.84, '2026-01-12 22:16:11'),
(173, 37, 4, 1.06, '2026-01-12 22:16:11'),
(174, 77, 4, 8.77, '2026-01-12 22:16:11'),
(175, 97, 4, 0.65, '2026-01-12 22:16:11'),
(176, 117, 4, 6.97, '2026-01-12 22:16:11'),
(177, 137, 4, 2.89, '2026-01-12 22:16:11'),
(178, 157, 4, 3.52, '2026-01-12 22:16:11'),
(179, 177, 4, 8.96, '2026-01-12 22:16:11'),
(180, 197, 4, 4.21, '2026-01-12 22:16:11'),
(181, 15, 4, 4.17, '2026-01-12 22:16:11'),
(182, 35, 4, 8.23, '2026-01-12 22:16:11'),
(183, 55, 4, 8.65, '2026-01-12 22:16:11'),
(184, 95, 4, 8.56, '2026-01-12 22:16:11'),
(185, 115, 4, 6.85, '2026-01-12 22:16:11'),
(186, 135, 4, 8.56, '2026-01-12 22:16:11'),
(187, 155, 4, 2.25, '2026-01-12 22:16:11'),
(188, 175, 4, 5.59, '2026-01-12 22:16:11'),
(189, 195, 4, 1.20, '2026-01-12 22:16:11'),
(190, 18, 4, 9.21, '2026-01-12 22:16:11'),
(191, 38, 4, 2.46, '2026-01-12 22:16:11'),
(192, 58, 4, 4.67, '2026-01-12 22:16:11'),
(193, 78, 4, 5.99, '2026-01-12 22:16:11'),
(194, 98, 4, 5.91, '2026-01-12 22:16:11'),
(195, 118, 4, 1.60, '2026-01-12 22:16:11'),
(196, 138, 4, 0.28, '2026-01-12 22:16:11'),
(197, 158, 4, 6.57, '2026-01-12 22:16:11'),
(198, 178, 4, 2.01, '2026-01-12 22:16:11'),
(199, 198, 4, 0.35, '2026-01-12 22:16:11'),
(200, 19, 4, 5.73, '2026-01-12 22:16:11'),
(201, 39, 4, 7.58, '2026-01-12 22:16:11'),
(202, 59, 4, 0.70, '2026-01-12 22:16:11'),
(203, 79, 4, 0.77, '2026-01-12 22:16:11'),
(204, 99, 4, 1.74, '2026-01-12 22:16:11'),
(205, 119, 4, 6.41, '2026-01-12 22:16:11'),
(206, 139, 4, 6.81, '2026-01-12 22:16:11'),
(207, 159, 4, 4.82, '2026-01-12 22:16:11'),
(208, 199, 4, 3.69, '2026-01-12 22:16:11'),
(209, 16, 4, 4.00, '2026-01-12 22:16:11'),
(210, 36, 4, 8.91, '2026-01-12 22:16:11'),
(211, 56, 4, 2.55, '2026-01-12 22:16:11'),
(212, 76, 4, 6.04, '2026-01-12 22:16:11'),
(213, 96, 4, 2.55, '2026-01-12 22:16:11'),
(214, 116, 4, 4.60, '2026-01-12 22:16:11'),
(215, 136, 4, 5.39, '2026-01-12 22:16:11'),
(216, 156, 4, 3.11, '2026-01-12 22:16:11'),
(217, 176, 4, 9.41, '2026-01-12 22:16:11'),
(218, 196, 4, 7.70, '2026-01-12 22:16:11'),
(219, 20, 4, 0.29, '2026-01-12 22:16:11'),
(220, 40, 4, 8.32, '2026-01-12 22:16:11'),
(221, 60, 4, 0.75, '2026-01-12 22:16:11'),
(222, 80, 4, 8.78, '2026-01-12 22:16:11'),
(223, 100, 4, 1.67, '2026-01-12 22:16:11'),
(224, 120, 4, 1.99, '2026-01-12 22:16:11'),
(225, 140, 4, 4.93, '2026-01-12 22:16:11'),
(226, 160, 4, 8.67, '2026-01-12 22:16:11'),
(227, 180, 4, 8.59, '2026-01-12 22:16:11'),
(228, 200, 4, 6.91, '2026-01-12 22:16:11'),
(229, 8, 5, 8.79, '2026-01-12 22:16:11'),
(230, 28, 5, 3.23, '2026-01-12 22:16:11'),
(231, 48, 5, 9.79, '2026-01-12 22:16:11'),
(232, 68, 5, 9.23, '2026-01-12 22:16:11'),
(233, 88, 5, 6.79, '2026-01-12 22:16:11'),
(234, 108, 5, 6.25, '2026-01-12 22:16:11'),
(235, 128, 5, 0.87, '2026-01-12 22:16:11'),
(236, 148, 5, 5.63, '2026-01-12 22:16:11'),
(237, 168, 5, 5.51, '2026-01-12 22:16:11'),
(238, 11, 5, 0.68, '2026-01-12 22:16:11'),
(239, 31, 5, 6.86, '2026-01-12 22:16:11'),
(240, 51, 5, 2.28, '2026-01-12 22:16:11'),
(241, 71, 5, 0.82, '2026-01-12 22:16:11'),
(242, 91, 5, 7.23, '2026-01-12 22:16:11'),
(243, 111, 5, 3.72, '2026-01-12 22:16:11'),
(244, 131, 5, 6.90, '2026-01-12 22:16:11'),
(245, 151, 5, 3.33, '2026-01-12 22:16:11'),
(246, 171, 5, 5.96, '2026-01-12 22:16:11'),
(247, 9, 5, 9.81, '2026-01-12 22:16:11'),
(248, 49, 5, 1.15, '2026-01-12 22:16:11'),
(249, 69, 5, 6.33, '2026-01-12 22:16:11'),
(250, 89, 5, 8.19, '2026-01-12 22:16:11'),
(251, 109, 5, 1.96, '2026-01-12 22:16:11'),
(252, 129, 5, 5.25, '2026-01-12 22:16:11'),
(253, 149, 5, 0.35, '2026-01-12 22:16:11'),
(254, 189, 5, 6.02, '2026-01-12 22:16:11'),
(255, 14, 5, 9.06, '2026-01-12 22:16:11'),
(256, 34, 5, 7.24, '2026-01-12 22:16:11'),
(257, 54, 5, 9.00, '2026-01-12 22:16:11'),
(258, 74, 5, 3.27, '2026-01-12 22:16:11'),
(259, 114, 5, 9.38, '2026-01-12 22:16:11'),
(260, 134, 5, 7.06, '2026-01-12 22:16:11'),
(261, 154, 5, 7.17, '2026-01-12 22:16:11'),
(262, 194, 5, 4.69, '2026-01-12 22:16:11'),
(263, 12, 5, 1.93, '2026-01-12 22:16:11'),
(264, 32, 5, 5.58, '2026-01-12 22:16:11'),
(265, 52, 5, 2.12, '2026-01-12 22:16:11'),
(266, 72, 5, 3.86, '2026-01-12 22:16:11'),
(267, 92, 5, 2.95, '2026-01-12 22:16:11'),
(268, 112, 5, 3.16, '2026-01-12 22:16:11'),
(269, 132, 5, 6.95, '2026-01-12 22:16:11'),
(270, 152, 5, 5.25, '2026-01-12 22:16:11'),
(271, 172, 5, 5.41, '2026-01-12 22:16:11'),
(272, 192, 5, 1.29, '2026-01-12 22:16:11'),
(273, 13, 5, 0.24, '2026-01-12 22:16:11'),
(274, 33, 5, 7.34, '2026-01-12 22:16:11'),
(275, 53, 5, 5.97, '2026-01-12 22:16:11'),
(276, 73, 5, 7.83, '2026-01-12 22:16:11'),
(277, 93, 5, 1.25, '2026-01-12 22:16:11'),
(278, 113, 5, 2.74, '2026-01-12 22:16:11'),
(279, 133, 5, 9.95, '2026-01-12 22:16:11'),
(280, 153, 5, 1.53, '2026-01-12 22:16:11'),
(281, 173, 5, 7.81, '2026-01-12 22:16:11'),
(282, 193, 5, 4.45, '2026-01-12 22:16:11'),
(283, 10, 5, 8.81, '2026-01-12 22:16:11'),
(284, 30, 5, 0.69, '2026-01-12 22:16:11'),
(285, 50, 5, 7.03, '2026-01-12 22:16:11'),
(286, 70, 5, 3.10, '2026-01-12 22:16:11'),
(287, 90, 5, 4.41, '2026-01-12 22:16:11'),
(288, 110, 5, 2.76, '2026-01-12 22:16:11'),
(289, 150, 5, 0.54, '2026-01-12 22:16:11'),
(290, 170, 5, 4.43, '2026-01-12 22:16:11'),
(291, 190, 5, 0.54, '2026-01-12 22:16:11'),
(292, 8, 6, 9.39, '2026-01-12 22:16:11'),
(293, 28, 6, 5.36, '2026-01-12 22:16:11'),
(294, 48, 6, 8.62, '2026-01-12 22:16:11'),
(295, 68, 6, 7.02, '2026-01-12 22:16:11'),
(296, 88, 6, 9.24, '2026-01-12 22:16:11'),
(297, 108, 6, 5.15, '2026-01-12 22:16:11'),
(298, 128, 6, 8.03, '2026-01-12 22:16:11'),
(299, 148, 6, 4.69, '2026-01-12 22:16:11'),
(300, 168, 6, 9.38, '2026-01-12 22:16:11'),
(301, 11, 6, 2.82, '2026-01-12 22:16:11'),
(302, 31, 6, 5.96, '2026-01-12 22:16:11'),
(303, 51, 6, 1.35, '2026-01-12 22:16:11'),
(304, 71, 6, 8.87, '2026-01-12 22:16:11'),
(305, 91, 6, 0.29, '2026-01-12 22:16:11'),
(306, 111, 6, 4.86, '2026-01-12 22:16:11'),
(307, 131, 6, 3.43, '2026-01-12 22:16:11'),
(308, 151, 6, 2.55, '2026-01-12 22:16:11'),
(309, 171, 6, 2.49, '2026-01-12 22:16:11'),
(310, 9, 6, 4.78, '2026-01-12 22:16:11'),
(311, 49, 6, 6.42, '2026-01-12 22:16:11'),
(312, 69, 6, 7.76, '2026-01-12 22:16:11'),
(313, 89, 6, 9.56, '2026-01-12 22:16:11'),
(314, 109, 6, 4.51, '2026-01-12 22:16:11'),
(315, 129, 6, 3.85, '2026-01-12 22:16:11'),
(316, 149, 6, 5.73, '2026-01-12 22:16:11'),
(317, 189, 6, 7.12, '2026-01-12 22:16:11'),
(318, 14, 6, 8.39, '2026-01-12 22:16:11'),
(319, 34, 6, 0.60, '2026-01-12 22:16:11'),
(320, 54, 6, 7.85, '2026-01-12 22:16:11'),
(321, 74, 6, 7.43, '2026-01-12 22:16:11'),
(322, 114, 6, 3.59, '2026-01-12 22:16:11'),
(323, 134, 6, 5.65, '2026-01-12 22:16:11'),
(324, 154, 6, 7.49, '2026-01-12 22:16:11'),
(325, 194, 6, 0.52, '2026-01-12 22:16:11'),
(326, 12, 6, 0.11, '2026-01-12 22:16:11'),
(327, 32, 6, 8.98, '2026-01-12 22:16:11'),
(328, 52, 6, 4.56, '2026-01-12 22:16:11'),
(329, 72, 6, 5.89, '2026-01-12 22:16:11'),
(330, 92, 6, 5.78, '2026-01-12 22:16:11'),
(331, 112, 6, 1.22, '2026-01-12 22:16:11'),
(332, 132, 6, 8.74, '2026-01-12 22:16:11'),
(333, 152, 6, 0.06, '2026-01-12 22:16:11'),
(334, 172, 6, 4.06, '2026-01-12 22:16:11'),
(335, 192, 6, 0.12, '2026-01-12 22:16:11'),
(336, 13, 6, 8.44, '2026-01-12 22:16:11'),
(337, 33, 6, 1.85, '2026-01-12 22:16:11'),
(338, 53, 6, 3.90, '2026-01-12 22:16:11'),
(339, 73, 6, 3.97, '2026-01-12 22:16:11'),
(340, 93, 6, 8.17, '2026-01-12 22:16:11'),
(341, 113, 6, 8.90, '2026-01-12 22:16:11'),
(342, 133, 6, 0.02, '2026-01-12 22:16:11'),
(343, 153, 6, 3.37, '2026-01-12 22:16:11'),
(344, 173, 6, 6.81, '2026-01-12 22:16:11'),
(345, 193, 6, 3.93, '2026-01-12 22:16:11'),
(346, 10, 6, 9.22, '2026-01-12 22:16:11'),
(347, 30, 6, 4.30, '2026-01-12 22:16:11'),
(348, 50, 6, 3.83, '2026-01-12 22:16:11'),
(349, 70, 6, 6.26, '2026-01-12 22:16:11'),
(350, 90, 6, 9.79, '2026-01-12 22:16:11'),
(351, 110, 6, 0.19, '2026-01-12 22:16:11'),
(352, 150, 6, 1.59, '2026-01-12 22:16:11'),
(353, 170, 6, 7.37, '2026-01-12 22:16:11'),
(354, 190, 6, 2.08, '2026-01-12 22:16:11'),
(355, 8, 7, 8.28, '2026-01-12 22:16:11'),
(356, 28, 7, 5.15, '2026-01-12 22:16:11'),
(357, 48, 7, 0.94, '2026-01-12 22:16:11'),
(358, 68, 7, 9.22, '2026-01-12 22:16:11'),
(359, 88, 7, 3.28, '2026-01-12 22:16:11'),
(360, 108, 7, 8.77, '2026-01-12 22:16:11'),
(361, 128, 7, 3.98, '2026-01-12 22:16:11'),
(362, 148, 7, 3.62, '2026-01-12 22:16:11'),
(363, 168, 7, 6.15, '2026-01-12 22:16:11'),
(364, 11, 7, 9.88, '2026-01-12 22:16:11'),
(365, 31, 7, 0.95, '2026-01-12 22:16:11'),
(366, 51, 7, 5.13, '2026-01-12 22:16:11'),
(367, 71, 7, 2.80, '2026-01-12 22:16:11'),
(368, 91, 7, 8.61, '2026-01-12 22:16:11'),
(369, 111, 7, 4.63, '2026-01-12 22:16:11'),
(370, 131, 7, 7.33, '2026-01-12 22:16:11'),
(371, 151, 7, 2.74, '2026-01-12 22:16:11'),
(372, 171, 7, 1.74, '2026-01-12 22:16:11'),
(373, 9, 7, 0.45, '2026-01-12 22:16:11'),
(374, 49, 7, 7.04, '2026-01-12 22:16:11'),
(375, 69, 7, 3.83, '2026-01-12 22:16:11'),
(376, 89, 7, 8.05, '2026-01-12 22:16:11'),
(377, 109, 7, 8.77, '2026-01-12 22:16:11'),
(378, 129, 7, 9.67, '2026-01-12 22:16:11'),
(379, 149, 7, 2.06, '2026-01-12 22:16:11'),
(380, 189, 7, 1.29, '2026-01-12 22:16:11'),
(381, 14, 7, 0.26, '2026-01-12 22:16:11'),
(382, 34, 7, 7.44, '2026-01-12 22:16:11'),
(383, 54, 7, 6.42, '2026-01-12 22:16:11'),
(384, 74, 7, 9.78, '2026-01-12 22:16:11'),
(385, 114, 7, 9.63, '2026-01-12 22:16:11'),
(386, 134, 7, 8.82, '2026-01-12 22:16:11'),
(387, 154, 7, 5.22, '2026-01-12 22:16:11'),
(388, 194, 7, 9.62, '2026-01-12 22:16:11'),
(389, 12, 7, 2.43, '2026-01-12 22:16:11'),
(390, 32, 7, 3.31, '2026-01-12 22:16:11'),
(391, 52, 7, 9.27, '2026-01-12 22:16:11'),
(392, 72, 7, 6.41, '2026-01-12 22:16:11'),
(393, 92, 7, 4.24, '2026-01-12 22:16:11'),
(394, 112, 7, 1.96, '2026-01-12 22:16:11'),
(395, 132, 7, 7.09, '2026-01-12 22:16:11'),
(396, 152, 7, 9.56, '2026-01-12 22:16:11'),
(397, 172, 7, 6.53, '2026-01-12 22:16:11'),
(398, 192, 7, 3.97, '2026-01-12 22:16:11'),
(399, 13, 7, 0.25, '2026-01-12 22:16:11'),
(400, 33, 7, 9.35, '2026-01-12 22:16:11'),
(401, 53, 7, 6.00, '2026-01-12 22:16:11'),
(402, 73, 7, 1.95, '2026-01-12 22:16:11'),
(403, 93, 7, 1.73, '2026-01-12 22:16:11'),
(404, 113, 7, 2.83, '2026-01-12 22:16:11'),
(405, 133, 7, 8.95, '2026-01-12 22:16:11'),
(406, 153, 7, 6.26, '2026-01-12 22:16:11'),
(407, 173, 7, 4.45, '2026-01-12 22:16:11'),
(408, 193, 7, 3.47, '2026-01-12 22:16:11'),
(409, 10, 7, 4.02, '2026-01-12 22:16:11'),
(410, 30, 7, 9.67, '2026-01-12 22:16:11'),
(411, 50, 7, 6.31, '2026-01-12 22:16:11'),
(412, 70, 7, 2.53, '2026-01-12 22:16:11'),
(413, 90, 7, 3.70, '2026-01-12 22:16:11'),
(414, 110, 7, 0.94, '2026-01-12 22:16:11'),
(415, 150, 7, 3.57, '2026-01-12 22:16:11'),
(416, 170, 7, 5.04, '2026-01-12 22:16:11'),
(417, 190, 7, 4.51, '2026-01-12 22:16:11'),
(418, 8, 8, 7.42, '2026-01-12 22:16:11'),
(419, 28, 8, 3.59, '2026-01-12 22:16:11'),
(420, 48, 8, 5.67, '2026-01-12 22:16:11'),
(421, 68, 8, 7.60, '2026-01-12 22:16:11'),
(422, 88, 8, 0.97, '2026-01-12 22:16:11'),
(423, 108, 8, 2.07, '2026-01-12 22:16:11'),
(424, 128, 8, 7.42, '2026-01-12 22:16:11'),
(425, 148, 8, 0.90, '2026-01-12 22:16:11'),
(426, 168, 8, 2.24, '2026-01-12 22:16:11'),
(427, 11, 8, 8.48, '2026-01-12 22:16:11'),
(428, 31, 8, 5.70, '2026-01-12 22:16:11'),
(429, 51, 8, 3.04, '2026-01-12 22:16:11'),
(430, 71, 8, 8.12, '2026-01-12 22:16:11'),
(431, 91, 8, 1.45, '2026-01-12 22:16:11'),
(432, 111, 8, 2.92, '2026-01-12 22:16:11'),
(433, 131, 8, 0.22, '2026-01-12 22:16:11'),
(434, 151, 8, 2.37, '2026-01-12 22:16:11'),
(435, 171, 8, 1.17, '2026-01-12 22:16:11'),
(436, 9, 8, 8.73, '2026-01-12 22:16:11'),
(437, 49, 8, 0.13, '2026-01-12 22:16:11'),
(438, 69, 8, 4.48, '2026-01-12 22:16:11'),
(439, 89, 8, 2.00, '2026-01-12 22:16:11'),
(440, 109, 8, 6.56, '2026-01-12 22:16:11'),
(441, 129, 8, 6.81, '2026-01-12 22:16:11'),
(442, 149, 8, 4.37, '2026-01-12 22:16:11'),
(443, 189, 8, 1.40, '2026-01-12 22:16:11'),
(444, 14, 8, 3.89, '2026-01-12 22:16:11'),
(445, 34, 8, 5.25, '2026-01-12 22:16:11'),
(446, 54, 8, 4.57, '2026-01-12 22:16:11'),
(447, 74, 8, 7.11, '2026-01-12 22:16:11'),
(448, 114, 8, 1.82, '2026-01-12 22:16:11'),
(449, 134, 8, 7.80, '2026-01-12 22:16:11'),
(450, 154, 8, 3.53, '2026-01-12 22:16:11'),
(451, 194, 8, 4.26, '2026-01-12 22:16:11'),
(452, 12, 8, 0.70, '2026-01-12 22:16:11'),
(453, 32, 8, 0.74, '2026-01-12 22:16:11'),
(454, 52, 8, 1.59, '2026-01-12 22:16:11'),
(455, 72, 8, 5.72, '2026-01-12 22:16:11'),
(456, 92, 8, 3.82, '2026-01-12 22:16:11'),
(457, 112, 8, 1.96, '2026-01-12 22:16:11'),
(458, 132, 8, 8.33, '2026-01-12 22:16:11'),
(459, 152, 8, 5.76, '2026-01-12 22:16:11'),
(460, 172, 8, 3.82, '2026-01-12 22:16:11'),
(461, 192, 8, 1.81, '2026-01-12 22:16:11'),
(462, 13, 8, 7.61, '2026-01-12 22:16:11'),
(463, 33, 8, 2.60, '2026-01-12 22:16:11'),
(464, 53, 8, 0.16, '2026-01-12 22:16:11'),
(465, 73, 8, 3.03, '2026-01-12 22:16:11'),
(466, 93, 8, 4.65, '2026-01-12 22:16:11'),
(467, 113, 8, 4.15, '2026-01-12 22:16:11'),
(468, 133, 8, 6.81, '2026-01-12 22:16:11'),
(469, 153, 8, 1.59, '2026-01-12 22:16:11'),
(470, 173, 8, 7.55, '2026-01-12 22:16:11'),
(471, 193, 8, 2.95, '2026-01-12 22:16:11'),
(472, 10, 8, 2.11, '2026-01-12 22:16:11'),
(473, 30, 8, 1.70, '2026-01-12 22:16:11'),
(474, 50, 8, 2.16, '2026-01-12 22:16:11'),
(475, 70, 8, 5.72, '2026-01-12 22:16:11'),
(476, 90, 8, 2.12, '2026-01-12 22:16:11'),
(477, 110, 8, 3.41, '2026-01-12 22:16:11'),
(478, 150, 8, 0.72, '2026-01-12 22:16:11'),
(479, 170, 8, 3.36, '2026-01-12 22:16:11'),
(480, 190, 8, 4.66, '2026-01-12 22:16:11'),
(481, 1, 9, 3.19, '2026-01-12 22:16:11'),
(482, 21, 9, 1.97, '2026-01-12 22:16:11'),
(483, 41, 9, 0.28, '2026-01-12 22:16:11'),
(484, 61, 9, 5.49, '2026-01-12 22:16:11'),
(485, 81, 9, 6.63, '2026-01-12 22:16:11'),
(486, 101, 9, 6.66, '2026-01-12 22:16:11'),
(487, 121, 9, 3.42, '2026-01-12 22:16:11'),
(488, 141, 9, 7.14, '2026-01-12 22:16:11'),
(489, 161, 9, 5.41, '2026-01-12 22:16:11'),
(490, 181, 9, 5.62, '2026-01-12 22:16:11'),
(491, 3, 9, 1.89, '2026-01-12 22:16:11'),
(492, 23, 9, 2.60, '2026-01-12 22:16:11'),
(493, 63, 9, 7.34, '2026-01-12 22:16:11'),
(494, 83, 9, 8.88, '2026-01-12 22:16:11'),
(495, 103, 9, 2.40, '2026-01-12 22:16:11'),
(496, 123, 9, 5.33, '2026-01-12 22:16:11'),
(497, 143, 9, 9.48, '2026-01-12 22:16:11'),
(498, 163, 9, 1.38, '2026-01-12 22:16:11'),
(499, 183, 9, 8.47, '2026-01-12 22:16:11'),
(500, 2, 9, 8.20, '2026-01-12 22:16:11');

-- --------------------------------------------------------

--
-- Table structure for table `student_score_history`
--

CREATE TABLE `student_score_history` (
  `score_history_id` bigint(20) NOT NULL,
  `student_score_id` bigint(20) NOT NULL,
  `old_value` decimal(5,2) DEFAULT NULL,
  `new_value` decimal(5,2) DEFAULT NULL,
  `changed_by` bigint(20) NOT NULL,
  `changed_at` datetime NOT NULL,
  `change_reason` varchar(255) DEFAULT NULL
) ENGINE=InnoDB DEFAULT CHARSET=utf8mb4 COLLATE=utf8mb4_unicode_ci;

-- --------------------------------------------------------

--
-- Table structure for table `time_slot`
--

CREATE TABLE `time_slot` (
  `time_slot_id` bigint(20) NOT NULL,
  `campus_id` bigint(20) NOT NULL,
  `slot_code` varchar(50) NOT NULL,
  `start_time` time NOT NULL,
  `end_time` time NOT NULL
) ENGINE=InnoDB DEFAULT CHARSET=utf8mb4 COLLATE=utf8mb4_unicode_ci;

--
-- Dumping data for table `time_slot`
--

INSERT INTO `time_slot` (`time_slot_id`, `campus_id`, `slot_code`, `start_time`, `end_time`) VALUES
(1, 1, 'T1', '07:00:00', '07:50:00'),
(2, 1, 'T2', '08:00:00', '08:50:00'),
(3, 1, 'T3', '09:00:00', '09:50:00'),
(4, 1, 'T4', '10:00:00', '10:50:00'),
(5, 1, 'T5', '13:00:00', '13:50:00'),
(6, 2, 'T1', '07:30:00', '08:20:00'),
(7, 2, 'T2', '08:30:00', '09:20:00'),
(8, 2, 'T3', '09:30:00', '10:20:00'),
(9, 2, 'T4', '13:30:00', '14:20:00'),
(10, 3, 'T1', '08:00:00', '08:50:00'),
(11, 3, 'T2', '09:00:00', '09:50:00'),
(12, 3, 'T3', '10:00:00', '10:50:00');

-- --------------------------------------------------------

--
-- Table structure for table `user`
--

CREATE TABLE `user` (
  `user_id` bigint(20) NOT NULL,
  `code_user` varchar(50) NOT NULL,
  `username` varchar(50) NOT NULL,
  `password_hash` varchar(255) NOT NULL,
  `role_id` bigint(20) NOT NULL,
  `full_name` varchar(150) DEFAULT NULL,
  `email` varchar(150) DEFAULT NULL,
  `phone` varchar(50) DEFAULT NULL,
  `address` varchar(255) DEFAULT NULL,
  `birth` date DEFAULT NULL,
  `gender_id` bigint(20) DEFAULT NULL,
  `avatar` varchar(255) DEFAULT NULL,
  `major` varchar(150) DEFAULT NULL,
  `orientation_day` date DEFAULT NULL,
  `status_id` bigint(20) NOT NULL,
  `created_at` datetime NOT NULL DEFAULT current_timestamp(),
  `updated_at` datetime DEFAULT NULL,
  `deleted_at` datetime DEFAULT NULL
) ENGINE=InnoDB DEFAULT CHARSET=utf8mb4 COLLATE=utf8mb4_unicode_ci;

--
-- Dumping data for table `user`
--

INSERT INTO `user` (`user_id`, `code_user`, `username`, `password_hash`, `role_id`, `full_name`, `email`, `phone`, `address`, `birth`, `gender_id`, `avatar`, `major`, `orientation_day`, `status_id`, `created_at`, `updated_at`, `deleted_at`) VALUES
(1, 'ADMIN001', 'admin1', '$2y$12$tnFaTBXEx26h04hY/Bh6cedFHNNhQzufNKfnV0VA7ByrDfNz5bsvC', 1, 'Nguyễn Văn Admin', 'admin@university.edu', '0901000001', 'Hà Nội', '1980-01-01', 1, NULL, NULL, NULL, 1, '2026-01-12 22:16:11', NULL, NULL),
(2, 'LEC001', 'lecturer1', '$2y$12$tnFaTBXEx26h04hY/Bh6cedFHNNhQzufNKfnV0VA7ByrDfNz5bsvC', 2, 'Trần Thị Giảng Viên', 'lecturer1@university.edu', '0902000001', 'TP.HCM', '1985-05-15', 2, NULL, NULL, NULL, 1, '2026-01-12 22:16:11', NULL, NULL),
(3, 'LEC002', 'lecturer2', '$2a$10$92IXUNpkjO0rOQ5byMi.Ye4oKoEa3Ro9llC/.og/at2.uheWG/igi', 2, 'Nguyễn Văn Giảng Viên 2', 'lecturer2@university.edu', '0902000002', 'Đà Nẵng', '1982-03-20', 1, NULL, NULL, NULL, 1, '2025-01-12 22:16:11', NULL, NULL),
(4, 'LEC003', 'lecturer3', '$2a$10$92IXUNpkjO0rOQ5byMi.Ye4oKoEa3Ro9llC/.og/at2.uheWG/igi', 2, 'Lê Thị Giảng Viên 3', 'lecturer3@university.edu', '0902000003', 'Hải Phòng', '1983-07-10', 2, NULL, NULL, NULL, 1, '2025-03-18 22:16:11', NULL, NULL),
(5, 'LEC004', 'lecturer4', '$2a$10$92IXUNpkjO0rOQ5byMi.Ye4oKoEa3Ro9llC/.og/at2.uheWG/igi', 2, 'Phạm Văn Giảng Viên 4', 'lecturer4@university.edu', '0902000004', 'Cần Thơ', '1981-11-25', 1, NULL, NULL, NULL, 1, '2025-06-26 22:16:11', NULL, NULL),
(6, 'LEC005', 'lecturer5', '$2a$10$92IXUNpkjO0rOQ5byMi.Ye4oKoEa3Ro9llC/.og/at2.uheWG/igi', 2, 'Hoàng Thị Giảng Viên 5', 'lecturer5@university.edu', '0902000005', 'Huế', '1984-09-30', 2, NULL, NULL, NULL, 1, '2025-08-15 22:16:11', NULL, NULL),
(7, 'STU001', 'student1', '$2y$12$tnFaTBXEx26h04hY/Bh6cedFHNNhQzufNKfnV0VA7ByrDfNz5bsvC', 3, 'Sinh viên 1', 'student1@university.edu', '0903100001', 'TP.HCM', '2005-01-12', 1, NULL, NULL, NULL, 1, '2025-12-07 22:16:11', NULL, NULL),
(8, 'STU002', 'student2', '$2a$10$92IXUNpkjO0rOQ5byMi.Ye4oKoEa3Ro9llC/.og/at2.uheWG/igi', 3, 'Sinh viên 2', 'student2@university.edu', '0903100002', 'Đà Nẵng', '2007-01-12', 2, NULL, NULL, NULL, 1, '2025-09-30 22:16:11', NULL, NULL),
(9, 'STU003', 'student3', '$2a$10$92IXUNpkjO0rOQ5byMi.Ye4oKoEa3Ro9llC/.og/at2.uheWG/igi', 3, 'Sinh viên 3', 'student3@university.edu', '0903100003', 'Hải Phòng', '2006-01-12', 1, NULL, NULL, NULL, 1, '2025-06-23 22:16:11', NULL, NULL),
(10, 'STU004', 'student4', '$2a$10$92IXUNpkjO0rOQ5byMi.Ye4oKoEa3Ro9llC/.og/at2.uheWG/igi', 3, 'Sinh viên 4', 'student4@university.edu', '0903100004', 'Cần Thơ', '2007-01-12', 2, NULL, NULL, NULL, 1, '2026-01-05 22:16:11', NULL, NULL),
(11, 'STU005', 'student5', '$2a$10$92IXUNpkjO0rOQ5byMi.Ye4oKoEa3Ro9llC/.og/at2.uheWG/igi', 3, 'Sinh viên 5', 'student5@university.edu', '0903100005', 'Hà Nội', '2008-01-12', 1, NULL, NULL, NULL, 1, '2025-08-25 22:16:11', NULL, NULL),
(12, 'STU006', 'student6', '$2a$10$92IXUNpkjO0rOQ5byMi.Ye4oKoEa3Ro9llC/.og/at2.uheWG/igi', 3, 'Sinh viên 6', 'student6@university.edu', '0903100006', 'TP.HCM', '2005-01-12', 2, NULL, NULL, NULL, 1, '2025-12-07 22:16:11', NULL, NULL),
(13, 'STU007', 'student7', '$2a$10$92IXUNpkjO0rOQ5byMi.Ye4oKoEa3Ro9llC/.og/at2.uheWG/igi', 3, 'Sinh viên 7', 'student7@university.edu', '0903100007', 'Đà Nẵng', '2006-01-12', 1, NULL, NULL, NULL, 1, '2025-08-01 22:16:11', NULL, NULL),
(14, 'STU008', 'student8', '$2a$10$92IXUNpkjO0rOQ5byMi.Ye4oKoEa3Ro9llC/.og/at2.uheWG/igi', 3, 'Sinh viên 8', 'student8@university.edu', '0903100008', 'Hải Phòng', '2005-01-12', 2, NULL, NULL, NULL, 1, '2025-05-17 22:16:11', NULL, NULL),
(15, 'STU009', 'student9', '$2a$10$92IXUNpkjO0rOQ5byMi.Ye4oKoEa3Ro9llC/.og/at2.uheWG/igi', 3, 'Sinh viên 9', 'student9@university.edu', '0903100009', 'Cần Thơ', '2006-01-12', 1, NULL, NULL, NULL, 1, '2025-07-24 22:16:11', NULL, NULL),
(16, 'STU010', 'student10', '$2a$10$92IXUNpkjO0rOQ5byMi.Ye4oKoEa3Ro9llC/.og/at2.uheWG/igi', 3, 'Sinh viên 10', 'student10@university.edu', '0903100010', 'Hà Nội', '2004-01-12', 2, NULL, NULL, NULL, 1, '2025-12-24 22:16:11', NULL, NULL),
(17, 'STU011', 'student11', '$2a$10$92IXUNpkjO0rOQ5byMi.Ye4oKoEa3Ro9llC/.og/at2.uheWG/igi', 3, 'Sinh viên 11', 'student11@university.edu', '0903100011', 'TP.HCM', '2006-01-12', 1, NULL, NULL, NULL, 1, '2025-04-07 22:16:11', NULL, NULL),
(18, 'STU012', 'student12', '$2a$10$92IXUNpkjO0rOQ5byMi.Ye4oKoEa3Ro9llC/.og/at2.uheWG/igi', 3, 'Sinh viên 12', 'student12@university.edu', '0903100012', 'Đà Nẵng', '2008-01-12', 2, NULL, NULL, NULL, 1, '2025-11-24 22:16:11', NULL, NULL),
(19, 'STU013', 'student13', '$2a$10$92IXUNpkjO0rOQ5byMi.Ye4oKoEa3Ro9llC/.og/at2.uheWG/igi', 3, 'Sinh viên 13', 'student13@university.edu', '0903100013', 'Hải Phòng', '2006-01-12', 1, NULL, NULL, NULL, 1, '2025-05-27 22:16:11', NULL, NULL),
(20, 'STU014', 'student14', '$2a$10$92IXUNpkjO0rOQ5byMi.Ye4oKoEa3Ro9llC/.og/at2.uheWG/igi', 3, 'Sinh viên 14', 'student14@university.edu', '0903100014', 'Cần Thơ', '2004-01-12', 2, NULL, NULL, NULL, 1, '2025-03-26 22:16:11', NULL, NULL),
(21, 'STU015', 'student15', '$2a$10$92IXUNpkjO0rOQ5byMi.Ye4oKoEa3Ro9llC/.og/at2.uheWG/igi', 3, 'Sinh viên 15', 'student15@university.edu', '0903100015', 'Hà Nội', '2008-01-12', 1, NULL, NULL, NULL, 1, '2025-07-09 22:16:11', NULL, NULL),
(22, 'STU016', 'student16', '$2a$10$92IXUNpkjO0rOQ5byMi.Ye4oKoEa3Ro9llC/.og/at2.uheWG/igi', 3, 'Sinh viên 16', 'student16@university.edu', '0903100016', 'TP.HCM', '2008-01-12', 2, NULL, NULL, NULL, 1, '2025-06-19 22:16:11', NULL, NULL),
(23, 'STU017', 'student17', '$2a$10$92IXUNpkjO0rOQ5byMi.Ye4oKoEa3Ro9llC/.og/at2.uheWG/igi', 3, 'Sinh viên 17', 'student17@university.edu', '0903100017', 'Đà Nẵng', '2005-01-12', 1, NULL, NULL, NULL, 1, '2025-11-17 22:16:11', NULL, NULL),
(24, 'STU018', 'student18', '$2a$10$92IXUNpkjO0rOQ5byMi.Ye4oKoEa3Ro9llC/.og/at2.uheWG/igi', 3, 'Sinh viên 18', 'student18@university.edu', '0903100018', 'Hải Phòng', '2006-01-12', 2, NULL, NULL, NULL, 1, '2025-03-14 22:16:11', NULL, NULL),
(25, 'STU019', 'student19', '$2a$10$92IXUNpkjO0rOQ5byMi.Ye4oKoEa3Ro9llC/.og/at2.uheWG/igi', 3, 'Sinh viên 19', 'student19@university.edu', '0903100019', 'Cần Thơ', '2005-01-12', 1, NULL, NULL, NULL, 1, '2025-08-02 22:16:11', NULL, NULL),
(26, 'STU020', 'student20', '$2a$10$92IXUNpkjO0rOQ5byMi.Ye4oKoEa3Ro9llC/.og/at2.uheWG/igi', 3, 'Sinh viên 20', 'student20@university.edu', '0903100020', 'Hà Nội', '2004-01-12', 2, NULL, NULL, NULL, 1, '2026-01-04 22:16:11', NULL, NULL),
(27, 'STU021', 'student21', '$2a$10$92IXUNpkjO0rOQ5byMi.Ye4oKoEa3Ro9llC/.og/at2.uheWG/igi', 3, 'Sinh viên 21', 'student21@university.edu', '0903100021', 'TP.HCM', '2006-01-12', 1, NULL, NULL, NULL, 1, '2025-08-16 22:16:11', NULL, NULL),
(28, 'STU022', 'student22', '$2a$10$92IXUNpkjO0rOQ5byMi.Ye4oKoEa3Ro9llC/.og/at2.uheWG/igi', 3, 'Sinh viên 22', 'student22@university.edu', '0903100022', 'Đà Nẵng', '2006-01-12', 2, NULL, NULL, NULL, 1, '2025-06-15 22:16:11', NULL, NULL),
(29, 'STU023', 'student23', '$2a$10$92IXUNpkjO0rOQ5byMi.Ye4oKoEa3Ro9llC/.og/at2.uheWG/igi', 3, 'Sinh viên 23', 'student23@university.edu', '0903100023', 'Hải Phòng', '2007-01-12', 1, NULL, NULL, NULL, 1, '2025-09-10 22:16:11', NULL, NULL),
(30, 'STU024', 'student24', '$2a$10$92IXUNpkjO0rOQ5byMi.Ye4oKoEa3Ro9llC/.og/at2.uheWG/igi', 3, 'Sinh viên 24', 'student24@university.edu', '0903100024', 'Cần Thơ', '2008-01-12', 2, NULL, NULL, NULL, 1, '2025-10-10 22:16:11', NULL, NULL),
(31, 'STU025', 'student25', '$2a$10$92IXUNpkjO0rOQ5byMi.Ye4oKoEa3Ro9llC/.og/at2.uheWG/igi', 3, 'Sinh viên 25', 'student25@university.edu', '0903100025', 'Hà Nội', '2008-01-12', 1, NULL, NULL, NULL, 1, '2025-03-05 22:16:11', NULL, NULL),
(32, 'STU026', 'student26', '$2a$10$92IXUNpkjO0rOQ5byMi.Ye4oKoEa3Ro9llC/.og/at2.uheWG/igi', 3, 'Sinh viên 26', 'student26@university.edu', '0903100026', 'TP.HCM', '2004-01-12', 2, NULL, NULL, NULL, 1, '2025-01-21 22:16:11', NULL, NULL),
(33, 'STU027', 'student27', '$2a$10$92IXUNpkjO0rOQ5byMi.Ye4oKoEa3Ro9llC/.og/at2.uheWG/igi', 3, 'Sinh viên 27', 'student27@university.edu', '0903100027', 'Đà Nẵng', '2008-01-12', 1, NULL, NULL, NULL, 1, '2025-03-17 22:16:11', NULL, NULL),
(34, 'STU028', 'student28', '$2a$10$92IXUNpkjO0rOQ5byMi.Ye4oKoEa3Ro9llC/.og/at2.uheWG/igi', 3, 'Sinh viên 28', 'student28@university.edu', '0903100028', 'Hải Phòng', '2005-01-12', 2, NULL, NULL, NULL, 1, '2025-02-19 22:16:11', NULL, NULL),
(35, 'STU029', 'student29', '$2a$10$92IXUNpkjO0rOQ5byMi.Ye4oKoEa3Ro9llC/.og/at2.uheWG/igi', 3, 'Sinh viên 29', 'student29@university.edu', '0903100029', 'Cần Thơ', '2006-01-12', 1, NULL, NULL, NULL, 1, '2025-05-26 22:16:11', NULL, NULL),
(36, 'STU030', 'student30', '$2a$10$92IXUNpkjO0rOQ5byMi.Ye4oKoEa3Ro9llC/.og/at2.uheWG/igi', 3, 'Sinh viên 30', 'student30@university.edu', '0903100030', 'Hà Nội', '2005-01-12', 2, NULL, NULL, NULL, 1, '2025-01-24 22:16:11', NULL, NULL),
(37, 'STU031', 'student31', '$2a$10$92IXUNpkjO0rOQ5byMi.Ye4oKoEa3Ro9llC/.og/at2.uheWG/igi', 3, 'Sinh viên 31', 'student31@university.edu', '0903100031', 'TP.HCM', '2006-01-12', 1, NULL, NULL, NULL, 1, '2025-05-11 22:16:11', NULL, NULL),
(38, 'STU032', 'student32', '$2a$10$92IXUNpkjO0rOQ5byMi.Ye4oKoEa3Ro9llC/.og/at2.uheWG/igi', 3, 'Sinh viên 32', 'student32@university.edu', '0903100032', 'Đà Nẵng', '2004-01-12', 2, NULL, NULL, NULL, 1, '2025-11-24 22:16:11', NULL, NULL),
(39, 'STU033', 'student33', '$2a$10$92IXUNpkjO0rOQ5byMi.Ye4oKoEa3Ro9llC/.og/at2.uheWG/igi', 3, 'Sinh viên 33', 'student33@university.edu', '0903100033', 'Hải Phòng', '2008-01-12', 1, NULL, NULL, NULL, 1, '2025-07-19 22:16:11', NULL, NULL),
(40, 'STU034', 'student34', '$2a$10$92IXUNpkjO0rOQ5byMi.Ye4oKoEa3Ro9llC/.og/at2.uheWG/igi', 3, 'Sinh viên 34', 'student34@university.edu', '0903100034', 'Cần Thơ', '2004-01-12', 2, NULL, NULL, NULL, 1, '2025-12-30 22:16:11', NULL, NULL),
(41, 'STU035', 'student35', '$2a$10$92IXUNpkjO0rOQ5byMi.Ye4oKoEa3Ro9llC/.og/at2.uheWG/igi', 3, 'Sinh viên 35', 'student35@university.edu', '0903100035', 'Hà Nội', '2006-01-12', 1, NULL, NULL, NULL, 1, '2025-09-10 22:16:11', NULL, NULL),
(42, 'STU036', 'student36', '$2a$10$92IXUNpkjO0rOQ5byMi.Ye4oKoEa3Ro9llC/.og/at2.uheWG/igi', 3, 'Sinh viên 36', 'student36@university.edu', '0903100036', 'TP.HCM', '2007-01-12', 2, NULL, NULL, NULL, 1, '2025-11-30 22:16:11', NULL, NULL),
(43, 'STU037', 'student37', '$2a$10$92IXUNpkjO0rOQ5byMi.Ye4oKoEa3Ro9llC/.og/at2.uheWG/igi', 3, 'Sinh viên 37', 'student37@university.edu', '0903100037', 'Đà Nẵng', '2004-01-12', 1, NULL, NULL, NULL, 1, '2025-10-23 22:16:11', NULL, NULL),
(44, 'STU038', 'student38', '$2a$10$92IXUNpkjO0rOQ5byMi.Ye4oKoEa3Ro9llC/.og/at2.uheWG/igi', 3, 'Sinh viên 38', 'student38@university.edu', '0903100038', 'Hải Phòng', '2007-01-12', 2, NULL, NULL, NULL, 1, '2025-11-10 22:16:11', NULL, NULL),
(45, 'STU039', 'student39', '$2a$10$92IXUNpkjO0rOQ5byMi.Ye4oKoEa3Ro9llC/.og/at2.uheWG/igi', 3, 'Sinh viên 39', 'student39@university.edu', '0903100039', 'Cần Thơ', '2005-01-12', 1, NULL, NULL, NULL, 1, '2025-09-25 22:16:11', NULL, NULL),
(46, 'STU040', 'student40', '$2a$10$92IXUNpkjO0rOQ5byMi.Ye4oKoEa3Ro9llC/.og/at2.uheWG/igi', 3, 'Sinh viên 40', 'student40@university.edu', '0903100040', 'Hà Nội', '2007-01-12', 2, NULL, NULL, NULL, 1, '2025-12-03 22:16:11', NULL, NULL),
(47, 'STU041', 'student41', '$2a$10$92IXUNpkjO0rOQ5byMi.Ye4oKoEa3Ro9llC/.og/at2.uheWG/igi', 3, 'Sinh viên 41', 'student41@university.edu', '0903100041', 'TP.HCM', '2004-01-12', 1, NULL, NULL, NULL, 1, '2025-08-12 22:16:11', NULL, NULL),
(48, 'STU042', 'student42', '$2a$10$92IXUNpkjO0rOQ5byMi.Ye4oKoEa3Ro9llC/.og/at2.uheWG/igi', 3, 'Sinh viên 42', 'student42@university.edu', '0903100042', 'Đà Nẵng', '2007-01-12', 2, NULL, NULL, NULL, 1, '2025-01-17 22:16:11', NULL, NULL),
(49, 'STU043', 'student43', '$2a$10$92IXUNpkjO0rOQ5byMi.Ye4oKoEa3Ro9llC/.og/at2.uheWG/igi', 3, 'Sinh viên 43', 'student43@university.edu', '0903100043', 'Hải Phòng', '2008-01-12', 1, NULL, NULL, NULL, 1, '2025-01-13 22:16:11', NULL, NULL),
(50, 'STU044', 'student44', '$2a$10$92IXUNpkjO0rOQ5byMi.Ye4oKoEa3Ro9llC/.og/at2.uheWG/igi', 3, 'Sinh viên 44', 'student44@university.edu', '0903100044', 'Cần Thơ', '2006-01-12', 2, NULL, NULL, NULL, 1, '2025-12-13 22:16:11', NULL, NULL),
(51, 'STU045', 'student45', '$2a$10$92IXUNpkjO0rOQ5byMi.Ye4oKoEa3Ro9llC/.og/at2.uheWG/igi', 3, 'Sinh viên 45', 'student45@university.edu', '0903100045', 'Hà Nội', '2008-01-12', 1, NULL, NULL, NULL, 1, '2025-06-13 22:16:11', NULL, NULL),
(52, 'STU046', 'student46', '$2a$10$92IXUNpkjO0rOQ5byMi.Ye4oKoEa3Ro9llC/.og/at2.uheWG/igi', 3, 'Sinh viên 46', 'student46@university.edu', '0903100046', 'TP.HCM', '2006-01-12', 2, NULL, NULL, NULL, 1, '2025-09-03 22:16:11', NULL, NULL),
(53, 'STU047', 'student47', '$2a$10$92IXUNpkjO0rOQ5byMi.Ye4oKoEa3Ro9llC/.og/at2.uheWG/igi', 3, 'Sinh viên 47', 'student47@university.edu', '0903100047', 'Đà Nẵng', '2006-01-12', 1, NULL, NULL, NULL, 1, '2025-06-07 22:16:11', NULL, NULL),
(54, 'STU048', 'student48', '$2a$10$92IXUNpkjO0rOQ5byMi.Ye4oKoEa3Ro9llC/.og/at2.uheWG/igi', 3, 'Sinh viên 48', 'student48@university.edu', '0903100048', 'Hải Phòng', '2007-01-12', 2, NULL, NULL, NULL, 1, '2025-11-18 22:16:11', NULL, NULL),
(55, 'STU049', 'student49', '$2a$10$92IXUNpkjO0rOQ5byMi.Ye4oKoEa3Ro9llC/.og/at2.uheWG/igi', 3, 'Sinh viên 49', 'student49@university.edu', '0903100049', 'Cần Thơ', '2006-01-12', 1, NULL, NULL, NULL, 1, '2025-07-25 22:16:11', NULL, NULL),
(56, 'STU050', 'student50', '$2a$10$92IXUNpkjO0rOQ5byMi.Ye4oKoEa3Ro9llC/.og/at2.uheWG/igi', 3, 'Sinh viên 50', 'student50@university.edu', '0903100050', 'Hà Nội', '2006-01-12', 2, NULL, NULL, NULL, 1, '2025-06-12 22:16:11', NULL, NULL);

-- --------------------------------------------------------

--
-- Table structure for table `user_status`
--

CREATE TABLE `user_status` (
  `status_id` bigint(20) NOT NULL,
  `code` varchar(50) NOT NULL,
  `name` varchar(100) NOT NULL
) ENGINE=InnoDB DEFAULT CHARSET=utf8mb4 COLLATE=utf8mb4_unicode_ci;

--
-- Dumping data for table `user_status`
--

INSERT INTO `user_status` (`status_id`, `code`, `name`) VALUES
(1, 'ACTIVE', 'Hoạt động'),
(2, 'INACTIVE', 'Không hoạt động');

--
-- Indexes for dumped tables
--

--
-- Indexes for table `academic_rule`
--
ALTER TABLE `academic_rule`
  ADD PRIMARY KEY (`rule_id`),
  ADD KEY `status_id` (`status_id`);

--
-- Indexes for table `academic_status`
--
ALTER TABLE `academic_status`
  ADD PRIMARY KEY (`academic_status_id`),
  ADD UNIQUE KEY `student_id` (`student_id`),
  ADD KEY `status_code_id` (`status_code_id`);

--
-- Indexes for table `academic_status_history`
--
ALTER TABLE `academic_status_history`
  ADD PRIMARY KEY (`status_history_id`),
  ADD KEY `student_id` (`student_id`),
  ADD KEY `old_status_id` (`old_status_id`),
  ADD KEY `new_status_id` (`new_status_id`);

--
-- Indexes for table `academic_status_type`
--
ALTER TABLE `academic_status_type`
  ADD PRIMARY KEY (`status_id`),
  ADD UNIQUE KEY `code` (`code`);

--
-- Indexes for table `academic_year`
--
ALTER TABLE `academic_year`
  ADD PRIMARY KEY (`academic_year_id`),
  ADD UNIQUE KEY `year_code` (`year_code`),
  ADD KEY `status_id` (`status_id`);

--
-- Indexes for table `academic_year_status`
--
ALTER TABLE `academic_year_status`
  ADD PRIMARY KEY (`status_id`),
  ADD UNIQUE KEY `code` (`code`);

--
-- Indexes for table `attendance`
--
ALTER TABLE `attendance`
  ADD PRIMARY KEY (`attendance_id`),
  ADD UNIQUE KEY `enrollment_id` (`enrollment_id`,`class_meeting_id`),
  ADD KEY `class_meeting_id` (`class_meeting_id`),
  ADD KEY `attendance_status_id` (`attendance_status_id`);

--
-- Indexes for table `attendance_status`
--
ALTER TABLE `attendance_status`
  ADD PRIMARY KEY (`status_id`),
  ADD UNIQUE KEY `code` (`code`);

--
-- Indexes for table `cache`
--
ALTER TABLE `cache`
  ADD PRIMARY KEY (`key`);

--
-- Indexes for table `cache_locks`
--
ALTER TABLE `cache_locks`
  ADD PRIMARY KEY (`key`);

--
-- Indexes for table `campus`
--
ALTER TABLE `campus`
  ADD PRIMARY KEY (`campus_id`),
  ADD UNIQUE KEY `campus_code` (`campus_code`);

--
-- Indexes for table `campus_status`
--
ALTER TABLE `campus_status`
  ADD PRIMARY KEY (`status_id`),
  ADD UNIQUE KEY `code` (`code`);

--
-- Indexes for table `class_grading_scheme`
--
ALTER TABLE `class_grading_scheme`
  ADD PRIMARY KEY (`class_grading_scheme_id`),
  ADD KEY `class_section_id` (`class_section_id`),
  ADD KEY `grading_scheme_id` (`grading_scheme_id`),
  ADD KEY `status_id` (`status_id`);

--
-- Indexes for table `class_meeting`
--
ALTER TABLE `class_meeting`
  ADD PRIMARY KEY (`class_meeting_id`),
  ADD KEY `class_section_id` (`class_section_id`),
  ADD KEY `time_slot_id` (`time_slot_id`),
  ADD KEY `room_id` (`room_id`),
  ADD KEY `meeting_status_id` (`meeting_status_id`);

--
-- Indexes for table `class_schedule`
--
ALTER TABLE `class_schedule`
  ADD PRIMARY KEY (`class_schedule_id`),
  ADD UNIQUE KEY `class_section_id` (`class_section_id`),
  ADD KEY `time_slot_id` (`time_slot_id`),
  ADD KEY `room_id` (`room_id`),
  ADD KEY `campus_id` (`campus_id`),
  ADD KEY `class_schedule_status_id` (`class_schedule_status_id`);

--
-- Indexes for table `class_schedule_status`
--
ALTER TABLE `class_schedule_status`
  ADD PRIMARY KEY (`status_id`),
  ADD UNIQUE KEY `code` (`code`);

--
-- Indexes for table `class_section`
--
ALTER TABLE `class_section`
  ADD PRIMARY KEY (`class_section_id`),
  ADD UNIQUE KEY `class_code` (`class_code`),
  ADD KEY `course_version_id` (`course_version_id`),
  ADD KEY `semester_id` (`semester_id`),
  ADD KEY `lecturer_id` (`lecturer_id`),
  ADD KEY `class_section_status_id` (`class_section_status_id`);

--
-- Indexes for table `class_section_status`
--
ALTER TABLE `class_section_status`
  ADD PRIMARY KEY (`status_id`),
  ADD UNIQUE KEY `code` (`code`);

--
-- Indexes for table `course`
--
ALTER TABLE `course`
  ADD PRIMARY KEY (`course_id`),
  ADD UNIQUE KEY `course_code` (`course_code`),
  ADD KEY `course_status_id` (`course_status_id`);

--
-- Indexes for table `course_status`
--
ALTER TABLE `course_status`
  ADD PRIMARY KEY (`course_status_id`),
  ADD UNIQUE KEY `code` (`code`);

--
-- Indexes for table `course_version`
--
ALTER TABLE `course_version`
  ADD PRIMARY KEY (`course_version_id`),
  ADD UNIQUE KEY `course_id` (`course_id`,`version_no`),
  ADD KEY `status_id` (`status_id`);

--
-- Indexes for table `course_version_status`
--
ALTER TABLE `course_version_status`
  ADD PRIMARY KEY (`status_id`),
  ADD UNIQUE KEY `code` (`code`);

--
-- Indexes for table `enrollment`
--
ALTER TABLE `enrollment`
  ADD PRIMARY KEY (`enrollment_id`),
  ADD UNIQUE KEY `student_id` (`student_id`,`class_section_id`),
  ADD KEY `class_section_id` (`class_section_id`),
  ADD KEY `enrollment_status_id` (`enrollment_status_id`);

--
-- Indexes for table `enrollment_status`
--
ALTER TABLE `enrollment_status`
  ADD PRIMARY KEY (`status_id`),
  ADD UNIQUE KEY `code` (`code`);

--
-- Indexes for table `faculty`
--
ALTER TABLE `faculty`
  ADD PRIMARY KEY (`faculty_id`),
  ADD UNIQUE KEY `faculty_code` (`faculty_code`),
  ADD KEY `faculty_status_id` (`faculty_status_id`);

--
-- Indexes for table `faculty_major`
--
ALTER TABLE `faculty_major`
  ADD PRIMARY KEY (`faculty_id`,`major_id`),
  ADD KEY `major_id` (`major_id`);

--
-- Indexes for table `faculty_status`
--
ALTER TABLE `faculty_status`
  ADD PRIMARY KEY (`faculty_status_id`),
  ADD UNIQUE KEY `code` (`code`);

--
-- Indexes for table `failed_jobs`
--
ALTER TABLE `failed_jobs`
  ADD PRIMARY KEY (`id`),
  ADD UNIQUE KEY `failed_jobs_uuid_unique` (`uuid`);

--
-- Indexes for table `gender_lookup`
--
ALTER TABLE `gender_lookup`
  ADD PRIMARY KEY (`gender_id`),
  ADD UNIQUE KEY `code` (`code`);

--
-- Indexes for table `grading_component`
--
ALTER TABLE `grading_component`
  ADD PRIMARY KEY (`component_id`),
  ADD UNIQUE KEY `grading_scheme_id` (`grading_scheme_id`,`order_no`);

--
-- Indexes for table `grading_scheme`
--
ALTER TABLE `grading_scheme`
  ADD PRIMARY KEY (`grading_scheme_id`),
  ADD UNIQUE KEY `scheme_code` (`scheme_code`),
  ADD KEY `status_id` (`status_id`);

--
-- Indexes for table `grading_scheme_status`
--
ALTER TABLE `grading_scheme_status`
  ADD PRIMARY KEY (`status_id`),
  ADD UNIQUE KEY `code` (`code`);

--
-- Indexes for table `jobs`
--
ALTER TABLE `jobs`
  ADD PRIMARY KEY (`id`),
  ADD KEY `jobs_queue_index` (`queue`);

--
-- Indexes for table `job_batches`
--
ALTER TABLE `job_batches`
  ADD PRIMARY KEY (`id`);

--
-- Indexes for table `major`
--
ALTER TABLE `major`
  ADD PRIMARY KEY (`major_id`),
  ADD UNIQUE KEY `major_code` (`major_code`),
  ADD KEY `major_status_id` (`major_status_id`);

--
-- Indexes for table `major_course`
--
ALTER TABLE `major_course`
  ADD PRIMARY KEY (`major_id`,`course_id`),
  ADD KEY `course_id` (`course_id`);

--
-- Indexes for table `major_status`
--
ALTER TABLE `major_status`
  ADD PRIMARY KEY (`major_status_id`),
  ADD UNIQUE KEY `code` (`code`);

--
-- Indexes for table `meeting_status`
--
ALTER TABLE `meeting_status`
  ADD PRIMARY KEY (`status_id`),
  ADD UNIQUE KEY `code` (`code`);

--
-- Indexes for table `migrations`
--
ALTER TABLE `migrations`
  ADD PRIMARY KEY (`id`);

--
-- Indexes for table `role`
--
ALTER TABLE `role`
  ADD PRIMARY KEY (`role_id`),
  ADD UNIQUE KEY `role_code` (`role_code`);

--
-- Indexes for table `room`
--
ALTER TABLE `room`
  ADD PRIMARY KEY (`room_id`),
  ADD UNIQUE KEY `room_code` (`room_code`),
  ADD KEY `campus_id` (`campus_id`),
  ADD KEY `room_status_id` (`room_status_id`);

--
-- Indexes for table `room_status`
--
ALTER TABLE `room_status`
  ADD PRIMARY KEY (`room_status_id`),
  ADD UNIQUE KEY `code` (`code`);

--
-- Indexes for table `semester`
--
ALTER TABLE `semester`
  ADD PRIMARY KEY (`semester_id`),
  ADD UNIQUE KEY `academic_year_id` (`academic_year_id`,`semester_code`),
  ADD KEY `status_id` (`status_id`);

--
-- Indexes for table `semester_status`
--
ALTER TABLE `semester_status`
  ADD PRIMARY KEY (`status_id`),
  ADD UNIQUE KEY `code` (`code`);

--
-- Indexes for table `sessions`
--
ALTER TABLE `sessions`
  ADD PRIMARY KEY (`id`),
  ADD KEY `sessions_user_id_index` (`user_id`),
  ADD KEY `sessions_last_activity_index` (`last_activity`);

--
-- Indexes for table `student_score`
--
ALTER TABLE `student_score`
  ADD PRIMARY KEY (`student_score_id`),
  ADD UNIQUE KEY `enrollment_id` (`enrollment_id`,`component_id`),
  ADD KEY `component_id` (`component_id`);

--
-- Indexes for table `student_score_history`
--
ALTER TABLE `student_score_history`
  ADD PRIMARY KEY (`score_history_id`),
  ADD KEY `student_score_id` (`student_score_id`),
  ADD KEY `changed_by` (`changed_by`);

--
-- Indexes for table `time_slot`
--
ALTER TABLE `time_slot`
  ADD PRIMARY KEY (`time_slot_id`),
  ADD UNIQUE KEY `campus_id` (`campus_id`,`slot_code`);

--
-- Indexes for table `user`
--
ALTER TABLE `user`
  ADD PRIMARY KEY (`user_id`),
  ADD UNIQUE KEY `code_user` (`code_user`),
  ADD UNIQUE KEY `username` (`username`),
  ADD KEY `role_id` (`role_id`),
  ADD KEY `gender_id` (`gender_id`),
  ADD KEY `status_id` (`status_id`);

--
-- Indexes for table `user_status`
--
ALTER TABLE `user_status`
  ADD PRIMARY KEY (`status_id`),
  ADD UNIQUE KEY `code` (`code`);

--
-- AUTO_INCREMENT for dumped tables
--

--
-- AUTO_INCREMENT for table `academic_rule`
--
ALTER TABLE `academic_rule`
  MODIFY `rule_id` bigint(20) NOT NULL AUTO_INCREMENT, AUTO_INCREMENT=5;

--
-- AUTO_INCREMENT for table `academic_status`
--
ALTER TABLE `academic_status`
  MODIFY `academic_status_id` bigint(20) NOT NULL AUTO_INCREMENT, AUTO_INCREMENT=64;

--
-- AUTO_INCREMENT for table `academic_status_history`
--
ALTER TABLE `academic_status_history`
  MODIFY `status_history_id` bigint(20) NOT NULL AUTO_INCREMENT;

--
-- AUTO_INCREMENT for table `academic_status_type`
--
ALTER TABLE `academic_status_type`
  MODIFY `status_id` bigint(20) NOT NULL AUTO_INCREMENT, AUTO_INCREMENT=6;

--
-- AUTO_INCREMENT for table `academic_year`
--
ALTER TABLE `academic_year`
  MODIFY `academic_year_id` bigint(20) NOT NULL AUTO_INCREMENT, AUTO_INCREMENT=4;

--
-- AUTO_INCREMENT for table `academic_year_status`
--
ALTER TABLE `academic_year_status`
  MODIFY `status_id` bigint(20) NOT NULL AUTO_INCREMENT, AUTO_INCREMENT=3;

--
-- AUTO_INCREMENT for table `attendance`
--
ALTER TABLE `attendance`
  MODIFY `attendance_id` bigint(20) NOT NULL AUTO_INCREMENT, AUTO_INCREMENT=1024;

--
-- AUTO_INCREMENT for table `attendance_status`
--
ALTER TABLE `attendance_status`
  MODIFY `status_id` bigint(20) NOT NULL AUTO_INCREMENT, AUTO_INCREMENT=5;

--
-- AUTO_INCREMENT for table `campus`
--
ALTER TABLE `campus`
  MODIFY `campus_id` bigint(20) NOT NULL AUTO_INCREMENT, AUTO_INCREMENT=4;

--
-- AUTO_INCREMENT for table `campus_status`
--
ALTER TABLE `campus_status`
  MODIFY `status_id` bigint(20) NOT NULL AUTO_INCREMENT, AUTO_INCREMENT=11;

--
-- AUTO_INCREMENT for table `class_grading_scheme`
--
ALTER TABLE `class_grading_scheme`
  MODIFY `class_grading_scheme_id` bigint(20) NOT NULL AUTO_INCREMENT, AUTO_INCREMENT=64;

--
-- AUTO_INCREMENT for table `class_meeting`
--
ALTER TABLE `class_meeting`
  MODIFY `class_meeting_id` bigint(20) NOT NULL AUTO_INCREMENT, AUTO_INCREMENT=256;

--
-- AUTO_INCREMENT for table `class_schedule`
--
ALTER TABLE `class_schedule`
  MODIFY `class_schedule_id` bigint(20) NOT NULL AUTO_INCREMENT, AUTO_INCREMENT=64;

--
-- AUTO_INCREMENT for table `class_schedule_status`
--
ALTER TABLE `class_schedule_status`
  MODIFY `status_id` bigint(20) NOT NULL AUTO_INCREMENT, AUTO_INCREMENT=3;

--
-- AUTO_INCREMENT for table `class_section`
--
ALTER TABLE `class_section`
  MODIFY `class_section_id` bigint(20) NOT NULL AUTO_INCREMENT, AUTO_INCREMENT=71;

--
-- AUTO_INCREMENT for table `class_section_status`
--
ALTER TABLE `class_section_status`
  MODIFY `status_id` bigint(20) NOT NULL AUTO_INCREMENT, AUTO_INCREMENT=4;

--
-- AUTO_INCREMENT for table `course`
--
ALTER TABLE `course`
  MODIFY `course_id` bigint(20) NOT NULL AUTO_INCREMENT, AUTO_INCREMENT=74;

--
-- AUTO_INCREMENT for table `course_status`
--
ALTER TABLE `course_status`
  MODIFY `course_status_id` bigint(20) NOT NULL AUTO_INCREMENT, AUTO_INCREMENT=3;

--
-- AUTO_INCREMENT for table `course_version`
--
ALTER TABLE `course_version`
  MODIFY `course_version_id` bigint(20) NOT NULL AUTO_INCREMENT, AUTO_INCREMENT=47;

--
-- AUTO_INCREMENT for table `course_version_status`
--
ALTER TABLE `course_version_status`
  MODIFY `status_id` bigint(20) NOT NULL AUTO_INCREMENT, AUTO_INCREMENT=3;

--
-- AUTO_INCREMENT for table `enrollment`
--
ALTER TABLE `enrollment`
  MODIFY `enrollment_id` bigint(20) NOT NULL AUTO_INCREMENT, AUTO_INCREMENT=256;

--
-- AUTO_INCREMENT for table `enrollment_status`
--
ALTER TABLE `enrollment_status`
  MODIFY `status_id` bigint(20) NOT NULL AUTO_INCREMENT, AUTO_INCREMENT=6;

--
-- AUTO_INCREMENT for table `faculty`
--
ALTER TABLE `faculty`
  MODIFY `faculty_id` bigint(20) NOT NULL AUTO_INCREMENT, AUTO_INCREMENT=5;

--
-- AUTO_INCREMENT for table `faculty_status`
--
ALTER TABLE `faculty_status`
  MODIFY `faculty_status_id` bigint(20) NOT NULL AUTO_INCREMENT, AUTO_INCREMENT=3;

--
-- AUTO_INCREMENT for table `failed_jobs`
--
ALTER TABLE `failed_jobs`
  MODIFY `id` bigint(20) UNSIGNED NOT NULL AUTO_INCREMENT;

--
-- AUTO_INCREMENT for table `gender_lookup`
--
ALTER TABLE `gender_lookup`
  MODIFY `gender_id` bigint(20) NOT NULL AUTO_INCREMENT, AUTO_INCREMENT=3;

--
-- AUTO_INCREMENT for table `grading_component`
--
ALTER TABLE `grading_component`
  MODIFY `component_id` bigint(20) NOT NULL AUTO_INCREMENT, AUTO_INCREMENT=12;

--
-- AUTO_INCREMENT for table `grading_scheme`
--
ALTER TABLE `grading_scheme`
  MODIFY `grading_scheme_id` bigint(20) NOT NULL AUTO_INCREMENT, AUTO_INCREMENT=4;

--
-- AUTO_INCREMENT for table `grading_scheme_status`
--
ALTER TABLE `grading_scheme_status`
  MODIFY `status_id` bigint(20) NOT NULL AUTO_INCREMENT, AUTO_INCREMENT=3;

--
-- AUTO_INCREMENT for table `jobs`
--
ALTER TABLE `jobs`
  MODIFY `id` bigint(20) UNSIGNED NOT NULL AUTO_INCREMENT;

--
-- AUTO_INCREMENT for table `major`
--
ALTER TABLE `major`
  MODIFY `major_id` bigint(20) NOT NULL AUTO_INCREMENT, AUTO_INCREMENT=7;

--
-- AUTO_INCREMENT for table `major_status`
--
ALTER TABLE `major_status`
  MODIFY `major_status_id` bigint(20) NOT NULL AUTO_INCREMENT, AUTO_INCREMENT=3;

--
-- AUTO_INCREMENT for table `meeting_status`
--
ALTER TABLE `meeting_status`
  MODIFY `status_id` bigint(20) NOT NULL AUTO_INCREMENT, AUTO_INCREMENT=4;

--
-- AUTO_INCREMENT for table `migrations`
--
ALTER TABLE `migrations`
  MODIFY `id` int(10) UNSIGNED NOT NULL AUTO_INCREMENT, AUTO_INCREMENT=4;

--
-- AUTO_INCREMENT for table `role`
--
ALTER TABLE `role`
  MODIFY `role_id` bigint(20) NOT NULL AUTO_INCREMENT, AUTO_INCREMENT=4;

--
-- AUTO_INCREMENT for table `room`
--
ALTER TABLE `room`
  MODIFY `room_id` bigint(20) NOT NULL AUTO_INCREMENT, AUTO_INCREMENT=10;

--
-- AUTO_INCREMENT for table `room_status`
--
ALTER TABLE `room_status`
  MODIFY `room_status_id` bigint(20) NOT NULL AUTO_INCREMENT, AUTO_INCREMENT=4;

--
-- AUTO_INCREMENT for table `semester`
--
ALTER TABLE `semester`
  MODIFY `semester_id` bigint(20) NOT NULL AUTO_INCREMENT, AUTO_INCREMENT=6;

--
-- AUTO_INCREMENT for table `semester_status`
--
ALTER TABLE `semester_status`
  MODIFY `status_id` bigint(20) NOT NULL AUTO_INCREMENT, AUTO_INCREMENT=4;

--
-- AUTO_INCREMENT for table `student_score`
--
ALTER TABLE `student_score`
  MODIFY `student_score_id` bigint(20) NOT NULL AUTO_INCREMENT, AUTO_INCREMENT=512;

--
-- AUTO_INCREMENT for table `student_score_history`
--
ALTER TABLE `student_score_history`
  MODIFY `score_history_id` bigint(20) NOT NULL AUTO_INCREMENT;

--
-- AUTO_INCREMENT for table `time_slot`
--
ALTER TABLE `time_slot`
  MODIFY `time_slot_id` bigint(20) NOT NULL AUTO_INCREMENT, AUTO_INCREMENT=13;

--
-- AUTO_INCREMENT for table `user`
--
ALTER TABLE `user`
  MODIFY `user_id` bigint(20) NOT NULL AUTO_INCREMENT, AUTO_INCREMENT=70;

--
-- AUTO_INCREMENT for table `user_status`
--
ALTER TABLE `user_status`
  MODIFY `status_id` bigint(20) NOT NULL AUTO_INCREMENT, AUTO_INCREMENT=3;

--
-- Constraints for dumped tables
--

--
-- Constraints for table `academic_rule`
--
ALTER TABLE `academic_rule`
  ADD CONSTRAINT `academic_rule_ibfk_1` FOREIGN KEY (`status_id`) REFERENCES `academic_status_type` (`status_id`);

--
-- Constraints for table `academic_status`
--
ALTER TABLE `academic_status`
  ADD CONSTRAINT `academic_status_ibfk_1` FOREIGN KEY (`student_id`) REFERENCES `user` (`user_id`),
  ADD CONSTRAINT `academic_status_ibfk_2` FOREIGN KEY (`status_code_id`) REFERENCES `academic_status_type` (`status_id`);

--
-- Constraints for table `academic_status_history`
--
ALTER TABLE `academic_status_history`
  ADD CONSTRAINT `academic_status_history_ibfk_1` FOREIGN KEY (`student_id`) REFERENCES `user` (`user_id`),
  ADD CONSTRAINT `academic_status_history_ibfk_2` FOREIGN KEY (`old_status_id`) REFERENCES `academic_status_type` (`status_id`),
  ADD CONSTRAINT `academic_status_history_ibfk_3` FOREIGN KEY (`new_status_id`) REFERENCES `academic_status_type` (`status_id`);

--
-- Constraints for table `academic_year`
--
ALTER TABLE `academic_year`
  ADD CONSTRAINT `academic_year_ibfk_1` FOREIGN KEY (`status_id`) REFERENCES `academic_year_status` (`status_id`);

--
-- Constraints for table `attendance`
--
ALTER TABLE `attendance`
  ADD CONSTRAINT `attendance_ibfk_1` FOREIGN KEY (`enrollment_id`) REFERENCES `enrollment` (`enrollment_id`),
  ADD CONSTRAINT `attendance_ibfk_2` FOREIGN KEY (`class_meeting_id`) REFERENCES `class_meeting` (`class_meeting_id`),
  ADD CONSTRAINT `attendance_ibfk_3` FOREIGN KEY (`attendance_status_id`) REFERENCES `attendance_status` (`status_id`);

--
-- Constraints for table `class_grading_scheme`
--
ALTER TABLE `class_grading_scheme`
  ADD CONSTRAINT `class_grading_scheme_ibfk_1` FOREIGN KEY (`class_section_id`) REFERENCES `class_section` (`class_section_id`),
  ADD CONSTRAINT `class_grading_scheme_ibfk_2` FOREIGN KEY (`grading_scheme_id`) REFERENCES `grading_scheme` (`grading_scheme_id`),
  ADD CONSTRAINT `class_grading_scheme_ibfk_3` FOREIGN KEY (`status_id`) REFERENCES `grading_scheme_status` (`status_id`);

--
-- Constraints for table `class_meeting`
--
ALTER TABLE `class_meeting`
  ADD CONSTRAINT `class_meeting_ibfk_1` FOREIGN KEY (`class_section_id`) REFERENCES `class_section` (`class_section_id`),
  ADD CONSTRAINT `class_meeting_ibfk_2` FOREIGN KEY (`time_slot_id`) REFERENCES `time_slot` (`time_slot_id`),
  ADD CONSTRAINT `class_meeting_ibfk_3` FOREIGN KEY (`room_id`) REFERENCES `room` (`room_id`),
  ADD CONSTRAINT `class_meeting_ibfk_4` FOREIGN KEY (`meeting_status_id`) REFERENCES `meeting_status` (`status_id`);

--
-- Constraints for table `class_schedule`
--
ALTER TABLE `class_schedule`
  ADD CONSTRAINT `class_schedule_ibfk_1` FOREIGN KEY (`class_section_id`) REFERENCES `class_section` (`class_section_id`),
  ADD CONSTRAINT `class_schedule_ibfk_2` FOREIGN KEY (`time_slot_id`) REFERENCES `time_slot` (`time_slot_id`),
  ADD CONSTRAINT `class_schedule_ibfk_3` FOREIGN KEY (`room_id`) REFERENCES `room` (`room_id`),
  ADD CONSTRAINT `class_schedule_ibfk_4` FOREIGN KEY (`campus_id`) REFERENCES `campus` (`campus_id`),
  ADD CONSTRAINT `class_schedule_ibfk_5` FOREIGN KEY (`class_schedule_status_id`) REFERENCES `class_schedule_status` (`status_id`);

--
-- Constraints for table `class_section`
--
ALTER TABLE `class_section`
  ADD CONSTRAINT `class_section_ibfk_1` FOREIGN KEY (`course_version_id`) REFERENCES `course_version` (`course_version_id`),
  ADD CONSTRAINT `class_section_ibfk_2` FOREIGN KEY (`semester_id`) REFERENCES `semester` (`semester_id`),
  ADD CONSTRAINT `class_section_ibfk_3` FOREIGN KEY (`lecturer_id`) REFERENCES `user` (`user_id`),
  ADD CONSTRAINT `class_section_ibfk_4` FOREIGN KEY (`class_section_status_id`) REFERENCES `class_section_status` (`status_id`);

--
-- Constraints for table `course`
--
ALTER TABLE `course`
  ADD CONSTRAINT `course_ibfk_1` FOREIGN KEY (`course_status_id`) REFERENCES `course_status` (`course_status_id`);

--
-- Constraints for table `course_version`
--
ALTER TABLE `course_version`
  ADD CONSTRAINT `course_version_ibfk_1` FOREIGN KEY (`course_id`) REFERENCES `course` (`course_id`),
  ADD CONSTRAINT `course_version_ibfk_2` FOREIGN KEY (`status_id`) REFERENCES `course_version_status` (`status_id`);

--
-- Constraints for table `enrollment`
--
ALTER TABLE `enrollment`
  ADD CONSTRAINT `enrollment_ibfk_1` FOREIGN KEY (`student_id`) REFERENCES `user` (`user_id`),
  ADD CONSTRAINT `enrollment_ibfk_2` FOREIGN KEY (`class_section_id`) REFERENCES `class_section` (`class_section_id`),
  ADD CONSTRAINT `enrollment_ibfk_3` FOREIGN KEY (`enrollment_status_id`) REFERENCES `enrollment_status` (`status_id`);

--
-- Constraints for table `faculty`
--
ALTER TABLE `faculty`
  ADD CONSTRAINT `faculty_ibfk_1` FOREIGN KEY (`faculty_status_id`) REFERENCES `faculty_status` (`faculty_status_id`);

--
-- Constraints for table `faculty_major`
--
ALTER TABLE `faculty_major`
  ADD CONSTRAINT `faculty_major_ibfk_1` FOREIGN KEY (`faculty_id`) REFERENCES `faculty` (`faculty_id`),
  ADD CONSTRAINT `faculty_major_ibfk_2` FOREIGN KEY (`major_id`) REFERENCES `major` (`major_id`);

--
-- Constraints for table `grading_component`
--
ALTER TABLE `grading_component`
  ADD CONSTRAINT `grading_component_ibfk_1` FOREIGN KEY (`grading_scheme_id`) REFERENCES `grading_scheme` (`grading_scheme_id`);

--
-- Constraints for table `grading_scheme`
--
ALTER TABLE `grading_scheme`
  ADD CONSTRAINT `grading_scheme_ibfk_1` FOREIGN KEY (`status_id`) REFERENCES `grading_scheme_status` (`status_id`);

--
-- Constraints for table `major`
--
ALTER TABLE `major`
  ADD CONSTRAINT `major_ibfk_1` FOREIGN KEY (`major_status_id`) REFERENCES `major_status` (`major_status_id`);

--
-- Constraints for table `major_course`
--
ALTER TABLE `major_course`
  ADD CONSTRAINT `major_course_ibfk_1` FOREIGN KEY (`major_id`) REFERENCES `major` (`major_id`),
  ADD CONSTRAINT `major_course_ibfk_2` FOREIGN KEY (`course_id`) REFERENCES `course` (`course_id`);

--
-- Constraints for table `room`
--
ALTER TABLE `room`
  ADD CONSTRAINT `room_ibfk_1` FOREIGN KEY (`campus_id`) REFERENCES `campus` (`campus_id`),
  ADD CONSTRAINT `room_ibfk_2` FOREIGN KEY (`room_status_id`) REFERENCES `room_status` (`room_status_id`);

--
-- Constraints for table `semester`
--
ALTER TABLE `semester`
  ADD CONSTRAINT `semester_ibfk_1` FOREIGN KEY (`academic_year_id`) REFERENCES `academic_year` (`academic_year_id`),
  ADD CONSTRAINT `semester_ibfk_2` FOREIGN KEY (`status_id`) REFERENCES `semester_status` (`status_id`);

--
-- Constraints for table `student_score`
--
ALTER TABLE `student_score`
  ADD CONSTRAINT `student_score_ibfk_1` FOREIGN KEY (`enrollment_id`) REFERENCES `enrollment` (`enrollment_id`),
  ADD CONSTRAINT `student_score_ibfk_2` FOREIGN KEY (`component_id`) REFERENCES `grading_component` (`component_id`);

--
-- Constraints for table `student_score_history`
--
ALTER TABLE `student_score_history`
  ADD CONSTRAINT `student_score_history_ibfk_1` FOREIGN KEY (`student_score_id`) REFERENCES `student_score` (`student_score_id`),
  ADD CONSTRAINT `student_score_history_ibfk_2` FOREIGN KEY (`changed_by`) REFERENCES `user` (`user_id`);

--
-- Constraints for table `time_slot`
--
ALTER TABLE `time_slot`
  ADD CONSTRAINT `time_slot_ibfk_1` FOREIGN KEY (`campus_id`) REFERENCES `campus` (`campus_id`);

--
-- Constraints for table `user`
--
ALTER TABLE `user`
  ADD CONSTRAINT `user_ibfk_1` FOREIGN KEY (`role_id`) REFERENCES `role` (`role_id`),
  ADD CONSTRAINT `user_ibfk_2` FOREIGN KEY (`gender_id`) REFERENCES `gender_lookup` (`gender_id`),
  ADD CONSTRAINT `user_ibfk_3` FOREIGN KEY (`status_id`) REFERENCES `user_status` (`status_id`);
COMMIT;

/*!40101 SET CHARACTER_SET_CLIENT=@OLD_CHARACTER_SET_CLIENT */;
/*!40101 SET CHARACTER_SET_RESULTS=@OLD_CHARACTER_SET_RESULTS */;
/*!40101 SET COLLATION_CONNECTION=@OLD_COLLATION_CONNECTION */;
